ลำดับที่,กลุ่ม,ชื่อ-นามสกุล,สถานศึกษา,ตำแหน่ง,ประเภท,รางวัล,ระดับรางวัล,สถานะ,ลิงก์ PDF 
1510,ผู้บริหาร/ครู,นางสาวจุลลัดดา หวันแดง,โรงเรียนบ้านบวกหมื้อ,ผู้รับผิดชอบโครงการ,ประเภทที่ 1 ด้านคุณภาพและนวัตกรรมการสอน (Quality Teaching & Learning),,ดีมาก,,
1511,ผู้บริหาร/ครู,นางสาวปาณิพัฒน์ อุปสาร,โรงเรียนบ้านบวกหมื้อ,ผู้บริหาร,ประเภทที่ 1 ด้านคุณภาพและนวัตกรรมการสอน (Quality Teaching & Learning),,ดีมาก,,
1512,ผู้บริหาร/ครู,นายอานนท์ อุปนันต์,โรงเรียนชุมชนวัดช่อแล,ผู้อํานวยการสถานศึกษา,ประเภทที่ 1 ด้านคุณภาพและนวัตกรรมการสอน (Quality Teaching & Learning),รองชนะเลิศอันดับ 2,ดีเยี่ยม,,
1513,ผู้บริหาร/ครู,นายนิติศาสตร์ กันธพงค์,โรงเรียนชุมชนวัดช่อแล,รองผู้อํานวยการสถานศึกษา,ประเภทที่ 1 ด้านคุณภาพและนวัตกรรมการสอน (Quality Teaching & Learning),รองชนะเลิศอันดับ 2,ดีเยี่ยม,,
1514,ผู้บริหาร/ครู,นายกฤษฎาญตม์  ประพรหมมา,โรงเรียนชุมชนวัดช่อแล,ผู้รับผิดชอบโครงการ,ประเภทที่ 1 ด้านคุณภาพและนวัตกรรมการสอน (Quality Teaching & Learning),รองชนะเลิศอันดับ 2,ดีเยี่ยม,,
1515,ผู้บริหาร/ครู,นายวัชรายุทธ ประกอบของ,โรงเรียนชุมชนวัดช่อแล,ผู้รับผิดชอบโครงการ,ประเภทที่ 1 ด้านคุณภาพและนวัตกรรมการสอน (Quality Teaching & Learning),รองชนะเลิศอันดับ 2,ดีเยี่ยม,,
1516,ผู้บริหาร/ครู,นางสิริพรรณ บุญตอม,โรงเรียนชุมชนวัดช่อแล,ผู้รับผิดชอบโครงการ,ประเภทที่ 1 ด้านคุณภาพและนวัตกรรมการสอน (Quality Teaching & Learning),รองชนะเลิศอันดับ 2,ดีเยี่ยม,,
1517,ผู้บริหาร/ครู,นางสาวเสาวนีย์ งามหมู่,โรงเรียนชุมชนวัดช่อแล,ผู้รับผิดชอบโครงการ,ประเภทที่ 1 ด้านคุณภาพและนวัตกรรมการสอน (Quality Teaching & Learning),รองชนะเลิศอันดับ 2,ดีเยี่ยม,,
1518,ผู้บริหาร/ครู,นางสาวรุ่งทิวา มหาวรรณ์,โรงเรียนชุมชนวัดช่อแล,ผู้รับผิดชอบโครงการ,ประเภทที่ 1 ด้านคุณภาพและนวัตกรรมการสอน (Quality Teaching & Learning),รองชนะเลิศอันดับ 2,ดีเยี่ยม,,
1519,ผู้บริหาร/ครู,นางสาวศิรินทร์ ภูมิมาลา,โรงเรียนชุมชนวัดช่อแล,ผู้รับผิดชอบโครงการ,ประเภทที่ 1 ด้านคุณภาพและนวัตกรรมการสอน (Quality Teaching & Learning),รองชนะเลิศอันดับ 2,ดีเยี่ยม,,
1520,ผู้บริหาร/ครู,นางสาวธัญญาภรณ์ ภิญโญ,โรงเรียนชุมชนวัดช่อแล,ผู้รับผิดชอบโครงการ,ประเภทที่ 1 ด้านคุณภาพและนวัตกรรมการสอน (Quality Teaching & Learning),รองชนะเลิศอันดับ 2,ดีเยี่ยม,,
1521,ผู้บริหาร/ครู,นายชายชาญ จอมแปง,โรงเรียนชุมชนวัดช่อแล,ผู้รับผิดชอบโครงการ,ประเภทที่ 1 ด้านคุณภาพและนวัตกรรมการสอน (Quality Teaching & Learning),รองชนะเลิศอันดับ 2,ดีเยี่ยม,,
1522,ผู้บริหาร/ครู,นางสาวสุรีย์นิภา มาเละ,โรงเรียนชุมชนวัดช่อแล,ผู้รับผิดชอบโครงการ,ประเภทที่ 1 ด้านคุณภาพและนวัตกรรมการสอน (Quality Teaching & Learning),รองชนะเลิศอันดับ 2,ดีเยี่ยม,,
1523,ผู้บริหาร/ครู,นางสาวโชติกา สิงห์ภักดี,โรงเรียนชุมชนวัดช่อแล,ผู้รับผิดชอบโครงการ,ประเภทที่ 1 ด้านคุณภาพและนวัตกรรมการสอน (Quality Teaching & Learning),รองชนะเลิศอันดับ 2,ดีเยี่ยม,,
1524,ผู้บริหาร/ครู,นางสาวบุณฑริกา บุบผชาติกุล,โรงเรียนชุมชนวัดช่อแล,ผู้รับผิดชอบโครงการ,ประเภทที่ 1 ด้านคุณภาพและนวัตกรรมการสอน (Quality Teaching & Learning),รองชนะเลิศอันดับ 2,ดีเยี่ยม,,
1525,ผู้บริหาร/ครู,นางสาวศิริกัญญา ใจวังโลก,โรงเรียนชุมชนวัดช่อแล,ผู้รับผิดชอบโครงการ,ประเภทที่ 1 ด้านคุณภาพและนวัตกรรมการสอน (Quality Teaching & Learning),รองชนะเลิศอันดับ 2,ดีเยี่ยม,,
1526,ผู้บริหาร/ครู,นางสาวสุพิชญา สมแก้ว,โรงเรียนชุมชนวัดช่อแล,ผู้รับผิดชอบโครงการ,ประเภทที่ 1 ด้านคุณภาพและนวัตกรรมการสอน (Quality Teaching & Learning),รองชนะเลิศอันดับ 2,ดีเยี่ยม,,
1527,ผู้บริหาร/ครู,นางสาวนิตยา เรือนงาม,โรงเรียนชุมชนวัดช่อแล,ผู้รับผิดชอบโครงการ,ประเภทที่ 1 ด้านคุณภาพและนวัตกรรมการสอน (Quality Teaching & Learning),รองชนะเลิศอันดับ 2,ดีเยี่ยม,,
1528,ผู้บริหาร/ครู,นายเริงชัย มาเล,โรงเรียนชุมชนวัดช่อแล,ผู้รับผิดชอบโครงการ,ประเภทที่ 1 ด้านคุณภาพและนวัตกรรมการสอน (Quality Teaching & Learning),รองชนะเลิศอันดับ 2,ดีเยี่ยม,,
1529,ผู้บริหาร/ครู,นายวีระ คําดวงดาว,โรงเรียนชุมชนวัดช่อแล,ผู้รับผิดชอบโครงการ,ประเภทที่ 1 ด้านคุณภาพและนวัตกรรมการสอน (Quality Teaching & Learning),รองชนะเลิศอันดับ 2,ดีเยี่ยม,,
1530,ผู้บริหาร/ครู,นางสาวศรัญญา ธนะสมบัติ,โรงเรียนชุมชนวัดช่อแล,ผู้รับผิดชอบโครงการ,ประเภทที่ 1 ด้านคุณภาพและนวัตกรรมการสอน (Quality Teaching & Learning),รองชนะเลิศอันดับ 2,ดีเยี่ยม,,
1531,ผู้บริหาร/ครู,นายกัณฐกฤติ์ ดอนสุวรรณ,โรงเรียนชุมชนวัดช่อแล,ผู้รับผิดชอบโครงการ,ประเภทที่ 1 ด้านคุณภาพและนวัตกรรมการสอน (Quality Teaching & Learning),รองชนะเลิศอันดับ 2,ดีเยี่ยม,,
1532,ผู้บริหาร/ครู,นางนภัสนันท์ ทาจีนะ,โรงเรียนชุมชนวัดช่อแล,ผู้รับผิดชอบโครงการ,ประเภทที่ 1 ด้านคุณภาพและนวัตกรรมการสอน (Quality Teaching & Learning),รองชนะเลิศอันดับ 2,ดีเยี่ยม,,
1533,ผู้บริหาร/ครู,นางสาวนันทยา บุตราสวรรค์,โรงเรียนชุมชนวัดช่อแล,ผู้รับผิดชอบโครงการ,ประเภทที่ 1 ด้านคุณภาพและนวัตกรรมการสอน (Quality Teaching & Learning),รองชนะเลิศอันดับ 2,ดีเยี่ยม,,
1534,ผู้บริหาร/ครู,นางนภาวรรณ เทพสุรินทร์,โรงเรียนชุมชนวัดช่อแล,ผู้รับผิดชอบโครงการ,ประเภทที่ 1 ด้านคุณภาพและนวัตกรรมการสอน (Quality Teaching & Learning),รองชนะเลิศอันดับ 2,ดีเยี่ยม,,
1535,ผู้บริหาร/ครู,นางสาวศศิวิมล ดวงศรี,โรงเรียนชุมชนวัดช่อแล,ผู้รับผิดชอบโครงการ,ประเภทที่ 1 ด้านคุณภาพและนวัตกรรมการสอน (Quality Teaching & Learning),รองชนะเลิศอันดับ 2,ดีเยี่ยม,,
1536,ผู้บริหาร/ครู,นางกนกกาญจน์ ตาวิโรจน์,โรงเรียนบ้านแม่เลา,ผู้บริหาร,ประเภทที่ 1 ด้านคุณภาพและนวัตกรรมการสอน (Quality Teaching & Learning),,ดีเยี่ยม,,
1537,ผู้บริหาร/ครู,นางสาวบุณยาพร ต่างใจ,โรงเรียนบ้านแม่เลา,ผู้รับผิดชอบโครงการ,ประเภทที่ 1 ด้านคุณภาพและนวัตกรรมการสอน (Quality Teaching & Learning),,ดีเยี่ยม,,
1538,ผู้บริหาร/ครู,ภราดา ดร. ชํานาญ เหล่ารักผล,โรงเรียนมงฟอร์ตวิทยาลัย,ผู้บริหาร,ประเภทที่ 1 ด้านคุณภาพและนวัตกรรมการสอน (Quality Teaching & Learning),รองชนะเลิศอันดับ 1,ดีเยี่ยม,,
1539,ผู้บริหาร/ครู,มาสเตอร์ทศพล โฆษิตพล,โรงเรียนมงฟอร์ตวิทยาลัย,ผู้รับผิดชอบโครงการ,ประเภทที่ 1 ด้านคุณภาพและนวัตกรรมการสอน (Quality Teaching & Learning),รองชนะเลิศอันดับ 1,ดีเยี่ยม,,
1540,ผู้บริหาร/ครู,นายสุวัติ เรืองฤทธิ์,โรงเรียนบ้านหัวฝาย,ผู้บริหาร,ประเภทที่ 1 ด้านคุณภาพและนวัตกรรมการสอน (Quality Teaching & Learning),,ดีเยี่ยม,,
1541,ผู้บริหาร/ครู,นางสาวพรรณทิวา อินต๊ะ,โรงเรียนบ้านหัวฝาย,ผู้รับผิดชอบโครงการ,ประเภทที่ 1 ด้านคุณภาพและนวัตกรรมการสอน (Quality Teaching & Learning),,ดีเยี่ยม,,
1542,ผู้บริหาร/ครู,นางสาวสุดารัตน์ สุริยะวงษ์,โรงเรียนบ้านหัวฝาย,ผู้รับผิดชอบโครงการ,ประเภทที่ 1 ด้านคุณภาพและนวัตกรรมการสอน (Quality Teaching & Learning),,ดีเยี่ยม,,
1543,ผู้บริหาร/ครู,นางสาวสรัญธร แสงสุวรรณ,โรงเรียนบ้านหัวฝาย,ผู้รับผิดชอบโครงการ,ประเภทที่ 1 ด้านคุณภาพและนวัตกรรมการสอน (Quality Teaching & Learning),,ดีเยี่ยม,,
1544,ผู้บริหาร/ครู,นางสาวเชษฐ์สุดา ใจหอม,โรงเรียนบ้านหัวฝาย,ผู้รับผิดชอบโครงการ,ประเภทที่ 1 ด้านคุณภาพและนวัตกรรมการสอน (Quality Teaching & Learning),,ดีเยี่ยม,,
1545,ผู้บริหาร/ครู,นายพัชรพงษ์ อุ่นต๊ะ,โรงเรียนบ้านหัวฝาย,ผู้รับผิดชอบโครงการ,ประเภทที่ 1 ด้านคุณภาพและนวัตกรรมการสอน (Quality Teaching & Learning),,ดีเยี่ยม,,
1546,ผู้บริหาร/ครู,นางสาวขวัญฤดี ทิว่อง,โรงเรียนบ้านหัวฝาย,ผู้รับผิดชอบโครงการ,ประเภทที่ 1 ด้านคุณภาพและนวัตกรรมการสอน (Quality Teaching & Learning),,ดีเยี่ยม,,
1547,ผู้บริหาร/ครู,นางเบญจรัตน์ ธนเศรษฐ์สาคร,โรงเรียนเทศบาลวัดศรีปิงเมือง,ผู้บริหาร,ประเภทที่ 1 ด้านคุณภาพและนวัตกรรมการสอน (Quality Teaching & Learning),,ดีเยี่ยม,,
1548,ผู้บริหาร/ครู,นายดนุโชติ ชัยชะนะ,โรงเรียนเทศบาลวัดศรีปิงเมือง,ผู้รับผิดชอบโครงการ,ประเภทที่ 1 ด้านคุณภาพและนวัตกรรมการสอน (Quality Teaching & Learning),,ดีเยี่ยม,,
1549,ผู้บริหาร/ครู,นางกาญจนา โพธิลักษณ์,โรงเรียนเทศบาลวัดศรีปิงเมือง,ผู้รับผิดชอบโครงการ,ประเภทที่ 1 ด้านคุณภาพและนวัตกรรมการสอน (Quality Teaching & Learning),,ดีเยี่ยม,,
1550,ผู้บริหาร/ครู,นางสาวรินทิรา เลี้ยงประเสริฐ,โรงเรียนเทศบาลวัดศรีปิงเมือง,ผู้รับผิดชอบโครงการ,ประเภทที่ 1 ด้านคุณภาพและนวัตกรรมการสอน (Quality Teaching & Learning),,ดีเยี่ยม,,
1551,ผู้บริหาร/ครู,นายณัฐธนานนท์  สารินจา,โรงเรียนวัดแม่แก้ดน้อย,ผู้บริหาร,ประเภทที่ 1 ด้านคุณภาพและนวัตกรรมการสอน (Quality Teaching & Learning),Popular Vote (ขวัญใจมหาชน),ดีเยี่ยม,,
1552,ผู้บริหาร/ครู,นางสาวฉัตริกา คําสิงห์,โรงเรียนวัดแม่แก้ดน้อย,ผู้รับผิดชอบโครงการ,ประเภทที่ 1 ด้านคุณภาพและนวัตกรรมการสอน (Quality Teaching & Learning),Popular Vote (ขวัญใจมหาชน),ดีเยี่ยม,,
1553,ผู้บริหาร/ครู,นายณรงค์ชัย วรรณมณี,โรงเรียนบ้านนากู่,ผู้บริหาร,ประเภทที่ 1 ด้านคุณภาพและนวัตกรรมการสอน (Quality Teaching & Learning),,ดีเยี่ยม,,
1554,ผู้บริหาร/ครู,นางสาวพิมลรัตน์ ปาติสัตย์,โรงเรียนบ้านนากู่,ผู้รับผิดชอบโครงการ,ประเภทที่ 1 ด้านคุณภาพและนวัตกรรมการสอน (Quality Teaching & Learning),,ดีเยี่ยม,,
1555,ผู้บริหาร/ครู,นางณัฏฐนันท์ ลังการัตน์,โรงเรียนเทศบาลวัดศรีดอนไชย,ผู้บริหาร,ประเภทที่ 1 ด้านคุณภาพและนวัตกรรมการสอน (Quality Teaching & Learning),,ดีเยี่ยม,,
1556,ผู้บริหาร/ครู,นางสาวจาตุพร ดวงแก้ว,โรงเรียนเทศบาลวัดศรีดอนไชย,ผู้รับผิดชอบโครงการ,ประเภทที่ 1 ด้านคุณภาพและนวัตกรรมการสอน (Quality Teaching & Learning),,ดีเยี่ยม,,
1557,ผู้บริหาร/ครู,นางสาวจันทร์จิรา กล้าหาญ,โรงเรียนเทศบาลวัดศรีดอนไชย,ผู้รับผิดชอบโครงการ,ประเภทที่ 1 ด้านคุณภาพและนวัตกรรมการสอน (Quality Teaching & Learning),,ดีเยี่ยม,,
1558,ผู้บริหาร/ครู,นางสาวหัทธยา ปัญญาต่วน,โรงเรียนเทศบาลวัดศรีดอนไชย,ผู้รับผิดชอบโครงการ,ประเภทที่ 1 ด้านคุณภาพและนวัตกรรมการสอน (Quality Teaching & Learning),,ดีเยี่ยม,,
1559,ผู้บริหาร/ครู,นางสาวณปภัช รัตนาวรรณกร,โรงเรียนเทศบาลวัดศรีดอนไชย,ผู้รับผิดชอบโครงการ,ประเภทที่ 1 ด้านคุณภาพและนวัตกรรมการสอน (Quality Teaching & Learning),,ดีเยี่ยม,,
1560,ผู้บริหาร/ครู,นางสาวรชต สิทธิกัน,โรงเรียนเทศบาลวัดศรีดอนไชย,ผู้รับผิดชอบโครงการ,ประเภทที่ 1 ด้านคุณภาพและนวัตกรรมการสอน (Quality Teaching & Learning),,ดีเยี่ยม,,
1561,ผู้บริหาร/ครู,นางสาวจุฑามาศ กองเงิน,โรงเรียนเทศบาลวัดศรีดอนไชย,ผู้รับผิดชอบโครงการ,ประเภทที่ 1 ด้านคุณภาพและนวัตกรรมการสอน (Quality Teaching & Learning),,ดีเยี่ยม,,
1562,ผู้บริหาร/ครู,รองศาสตราจารย์ ดร.สมเกียรติ อินทสิงห์,โรงเรียนสาธิตมหาวิทยาลัยเชียงใหม่,ผู้บริหาร,ประเภทที่ 1 ด้านคุณภาพและนวัตกรรมการสอน (Quality Teaching & Learning),ชนะเลิศอันดับ 1,ดีเยี่ยม,,
1563,ผู้บริหาร/ครู,อาจารย์ภาคิน บูรณเครือ,โรงเรียนสาธิตมหาวิทยาลัยเชียงใหม่,ผู้รับผิดชอบโครงการ,ประเภทที่ 1 ด้านคุณภาพและนวัตกรรมการสอน (Quality Teaching & Learning),ชนะเลิศอันดับ 1,ดีเยี่ยม,,
1564,ผู้บริหาร/ครู,อาจารย์พงษ์ระวี พันธุ์บุญปลูก,โรงเรียนสาธิตมหาวิทยาลัยเชียงใหม่,ผู้รับผิดชอบโครงการ,ประเภทที่ 1 ด้านคุณภาพและนวัตกรรมการสอน (Quality Teaching & Learning),ชนะเลิศอันดับ 1,ดีเยี่ยม,,
1565,ผู้บริหาร/ครู,อาจารย์พุฒิพงศ์ ตันทรัตน์,โรงเรียนสาธิตมหาวิทยาลัยเชียงใหม่,ผู้รับผิดชอบโครงการ,ประเภทที่ 1 ด้านคุณภาพและนวัตกรรมการสอน (Quality Teaching & Learning),ชนะเลิศอันดับ 1,ดีเยี่ยม,,
1566,ผู้บริหาร/ครู,อาจารย์พีรพงษ์ ทับทิม,โรงเรียนสาธิตมหาวิทยาลัยเชียงใหม่,ผู้รับผิดชอบโครงการ,ประเภทที่ 1 ด้านคุณภาพและนวัตกรรมการสอน (Quality Teaching & Learning),ชนะเลิศอันดับ 1,ดีเยี่ยม,,
1567,ผู้บริหาร/ครู,อาจารย์พิชญ์สุภา อุดตุ้ย,โรงเรียนสาธิตมหาวิทยาลัยเชียงใหม่,ผู้รับผิดชอบโครงการ,ประเภทที่ 1 ด้านคุณภาพและนวัตกรรมการสอน (Quality Teaching & Learning),ชนะเลิศอันดับ 1,ดีเยี่ยม,,
1568,ผู้บริหาร/ครู,อาจารย์อภิรัฐ อังคะบุตร,โรงเรียนสาธิตมหาวิทยาลัยเชียงใหม่,ผู้รับผิดชอบโครงการ,ประเภทที่ 1 ด้านคุณภาพและนวัตกรรมการสอน (Quality Teaching & Learning),ชนะเลิศอันดับ 1,ดีเยี่ยม,,
1569,ผู้บริหาร/ครู,นายสุรพันธ์ ชูใจ,โรงเรียนสาธิตมหาวิทยาลัยเชียงใหม่,ผู้รับผิดชอบโครงการ,ประเภทที่ 1 ด้านคุณภาพและนวัตกรรมการสอน (Quality Teaching & Learning),ชนะเลิศอันดับ 1,ดีเยี่ยม,,
1570,ผู้บริหาร/ครู,นายฉัตริน เวทศักดิ์,โรงเรียนสาธิตมหาวิทยาลัยเชียงใหม่,ผู้รับผิดชอบโครงการ,ประเภทที่ 1 ด้านคุณภาพและนวัตกรรมการสอน (Quality Teaching & Learning),ชนะเลิศอันดับ 1,ดีเยี่ยม,,
1571,ผู้บริหาร/ครู,นางสาวแสงรุ้ง สาทประเสริฐ,โรงเรียนสาธิตมหาวิทยาลัยเชียงใหม่,ผู้รับผิดชอบโครงการ,ประเภทที่ 1 ด้านคุณภาพและนวัตกรรมการสอน (Quality Teaching & Learning),ชนะเลิศอันดับ 1,ดีเยี่ยม,,
1572,ผู้บริหาร/ครู,นายวิธาน บุญญา,โรงเรียนบ้านปางกว้าง,ผู้บริหาร,ประเภทที่ 2 ด้านทักษะอาชีพและการมีงานทำ (Skills for Decent Work),,ดีมาก,,
1573,ผู้บริหาร/ครู,นางสาวแคทรียา อารีย์,โรงเรียนบ้านปางกว้าง,ผู้รับผิดชอบโครงการ,ประเภทที่ 2 ด้านทักษะอาชีพและการมีงานทำ (Skills for Decent Work),,ดีมาก,,
1574,ผู้บริหาร/ครู,นางสุมาลี วรรณโชติผาเวช ,โรงเรียนอีเอฟแอล เลิร์นนิ่ง เซ็นเตอร์,ผู้รับใบอนุญาต,ประเภทที่ 2 ด้านทักษะอาชีพและการมีงานทำ (Skills for Decent Work),ชนะเลิศอันดับ 1,ดีเยี่ยม,,
1575,ผู้บริหาร/ครู,นางวิไลวรรณ วรรณโชติผาเวช ,โรงเรียนอีเอฟแอล เลิร์นนิ่ง เซ็นเตอร์,ผู้บริหารสถานศึกษา/ผู้รับผิดชอบโครงการ,ประเภทที่ 2 ด้านทักษะอาชีพและการมีงานทำ (Skills for Decent Work),ชนะเลิศอันดับ 1,ดีเยี่ยม,,
1576,ผู้บริหาร/ครู,นายจอห์น โรเบิร์ต ควิณณ,โรงเรียนอีเอฟแอล เลิร์นนิ่ง เซ็นเตอร์,ผู้รับผิดชอบโครงการ,ประเภทที่ 2 ด้านทักษะอาชีพและการมีงานทำ (Skills for Decent Work),ชนะเลิศอันดับ 1,ดีเยี่ยม,,
1577,ผู้บริหาร/ครู,นายชูวิค มุคเคอร์จี,โรงเรียนอีเอฟแอล เลิร์นนิ่ง เซ็นเตอร์,ผู้รับผิดชอบโครงการ,ประเภทที่ 2 ด้านทักษะอาชีพและการมีงานทำ (Skills for Decent Work),ชนะเลิศอันดับ 1,ดีเยี่ยม,,
1578,ผู้บริหาร/ครู,นางสาว จิรัชญา ดาราวลี,โรงเรียนอีเอฟแอล เลิร์นนิ่ง เซ็นเตอร์,ผู้รับผิดชอบโครงการ,ประเภทที่ 2 ด้านทักษะอาชีพและการมีงานทำ (Skills for Decent Work),ชนะเลิศอันดับ 1,ดีเยี่ยม,,
1579,ผู้บริหาร/ครู,นางณัฏฐนันท์ ลังการัตน์,โรงเรียนเทศบาลวัดศรีดอนไชย,ผู้บริหาร,ประเภทที่ 2 ด้านทักษะอาชีพและการมีงานทำ (Skills for Decent Work),รองชนะเลิศอันดับ 1,ดีเยี่ยม,,
1580,ผู้บริหาร/ครู,นางกฤตยาภรณ์ วงศ์เพิ่ม,โรงเรียนเทศบาลวัดศรีดอนไชย,ผู้รับผิดชอบโครงการ,ประเภทที่ 2 ด้านทักษะอาชีพและการมีงานทำ (Skills for Decent Work),รองชนะเลิศอันดับ 1,ดีเยี่ยม,,
1581,ผู้บริหาร/ครู,นางพิศมัย พรมวังขวา ,โรงเรียนเทศบาลวัดศรีดอนไชย,ผู้รับผิดชอบโครงการ,ประเภทที่ 2 ด้านทักษะอาชีพและการมีงานทำ (Skills for Decent Work),รองชนะเลิศอันดับ 1,ดีเยี่ยม,,
1582,ผู้บริหาร/ครู,นายพิพัฒน์ เจริญวรรธะ ,โรงเรียนเทศบาลวัดศรีดอนไชย,ผู้รับผิดชอบโครงการ,ประเภทที่ 2 ด้านทักษะอาชีพและการมีงานทำ (Skills for Decent Work),รองชนะเลิศอันดับ 1,ดีเยี่ยม,,
1583,ผู้บริหาร/ครู,นายจักรพงษ์ ฉวีวงศ์ ,โรงเรียนเทศบาลวัดศรีดอนไชย,ผู้รับผิดชอบโครงการ,ประเภทที่ 2 ด้านทักษะอาชีพและการมีงานทำ (Skills for Decent Work),รองชนะเลิศอันดับ 1,ดีเยี่ยม,,
1584,ผู้บริหาร/ครู,นายสุริศร์ ทัดงาม ,โรงเรียนเทศบาลวัดศรีดอนไชย,ผู้รับผิดชอบโครงการ,ประเภทที่ 2 ด้านทักษะอาชีพและการมีงานทำ (Skills for Decent Work),รองชนะเลิศอันดับ 1,ดีเยี่ยม,,
1585,ผู้บริหาร/ครู,นางสาวอัจฉราวรรณ สิทธิมงคล ,โรงเรียนเทศบาลวัดศรีดอนไชย,ผู้รับผิดชอบโครงการ,ประเภทที่ 2 ด้านทักษะอาชีพและการมีงานทำ (Skills for Decent Work),รองชนะเลิศอันดับ 1,ดีเยี่ยม,,
1586,ผู้บริหาร/ครู,นายธีรพล หอประสงค์ ,โรงเรียนเทศบาลวัดศรีดอนไชย,ผู้รับผิดชอบโครงการ,ประเภทที่ 2 ด้านทักษะอาชีพและการมีงานทำ (Skills for Decent Work),รองชนะเลิศอันดับ 1,ดีเยี่ยม,,
1587,ผู้บริหาร/ครู,นายสหรัฐ ปูอุตรี ,โรงเรียนเทศบาลวัดศรีดอนไชย,ผู้รับผิดชอบโครงการ,ประเภทที่ 2 ด้านทักษะอาชีพและการมีงานทำ (Skills for Decent Work),รองชนะเลิศอันดับ 1,ดีเยี่ยม,,
1588,ผู้บริหาร/ครู,นางสาวญาณิศา ศักดิ์สม ,โรงเรียนเทศบาลวัดศรีดอนไชย,ผู้รับผิดชอบโครงการ,ประเภทที่ 2 ด้านทักษะอาชีพและการมีงานทำ (Skills for Decent Work),รองชนะเลิศอันดับ 1,ดีเยี่ยม,,
1589,ผู้บริหาร/ครู,นางเบญจรัตน์ ธนเศรษฐ์สาคร,โรงเรียนเทศบาลวัดศรีปิงเมือง,ผู้บริหาร,ประเภทที่ 2 ด้านทักษะอาชีพและการมีงานทำ (Skills for Decent Work),,ดีเยี่ยม,,
1590,ผู้บริหาร/ครู,นายดนุโชติ ชัยชะนะ,โรงเรียนเทศบาลวัดศรีปิงเมือง,ผู้รับผิดชอบโครงการ,ประเภทที่ 2 ด้านทักษะอาชีพและการมีงานทำ (Skills for Decent Work),,ดีเยี่ยม,,
1591,ผู้บริหาร/ครู,นางสาวจิราวรรณ จันทร์หลวง,โรงเรียนบ้านแม่นะ,ผู้บริหาร,ประเภทที่ 2 ด้านทักษะอาชีพและการมีงานทำ (Skills for Decent Work),รองชนะเลิศอันดับ 2,ดีเยี่ยม,,
1592,ผู้บริหาร/ครู,นางสาวรัญชนา ถีราวุฒิ,โรงเรียนบ้านแม่นะ,ผู้รับผิดชอบโครงการ,ประเภทที่ 2 ด้านทักษะอาชีพและการมีงานทำ (Skills for Decent Work),รองชนะเลิศอันดับ 2,ดีเยี่ยม,,
1593,ผู้บริหาร/ครู,นางสาวสุภาวดี จักรมานนท์,โรงเรียนบ้านแม่นะ,ผู้รับผิดชอบโครงการ,ประเภทที่ 2 ด้านทักษะอาชีพและการมีงานทำ (Skills for Decent Work),รองชนะเลิศอันดับ 2,ดีเยี่ยม,,
1594,ผู้บริหาร/ครู,นางสาวเจนจิรา บุญช,โรงเรียนบ้านสันป่าแดง,ผู้บริหาร,ประเภทที่ 3 ด้านโอกาสและความเสมอภาค (Access & Equity),,ดีมาก,,
1595,ผู้บริหาร/ครู,นางรุ่งนภา กันทะศร,โรงเรียนบ้านสันป่าแดง,ผู้รับผิดชอบโครงการ,ประเภทที่ 3 ด้านโอกาสและความเสมอภาค (Access & Equity),,ดีมาก,,
1596,ผู้บริหาร/ครู,นางบุณยวีร์ วงศ์สูน,โรงเรียนบ้านสันป่าแดง,ผู้รับผิดชอบโครงการ,ประเภทที่ 3 ด้านโอกาสและความเสมอภาค (Access & Equity),,ดีมาก,,
1597,ผู้บริหาร/ครู,นางจิราลักษณ์ ศรีใจวงค,โรงเรียนบ้านสันป่าแดง,ผู้รับผิดชอบโครงการ,ประเภทที่ 3 ด้านโอกาสและความเสมอภาค (Access & Equity),,ดีมาก,,
1598,ผู้บริหาร/ครู,นางสาวขนบทอง สีน,โรงเรียนบ้านสันป่าแดง,ผู้รับผิดชอบโครงการ,ประเภทที่ 3 ด้านโอกาสและความเสมอภาค (Access & Equity),,ดีมาก,,
1599,ผู้บริหาร/ครู,นายณัฐกิตติ์ กันทะศร,โรงเรียนบ้านป่าบง,ผู้บริหาร,ประเภทที่ 3 ด้านโอกาสและความเสมอภาค (Access & Equity),,ดีมาก,,
1600,ผู้บริหาร/ครู,นางทยานิจ ภักดี,โรงเรียนบ้านป่าบง,ผู้รับผิดชอบโครงการ,ประเภทที่ 3 ด้านโอกาสและความเสมอภาค (Access & Equity),,ดีมาก,,
1601,ผู้บริหาร/ครู,นายสุวิทย์ สุทาลา,โรงเรียนสอนคนตาบอดภาคเหนือในพระบรมราชินูปถัมภ์ จังหวัดเชียงใหม่,ผู้บริหาร,ประเภทที่ 3 ด้านโอกาสและความเสมอภาค (Access & Equity),,ดีเยี่ยม,,
1602,ผู้บริหาร/ครู,นางสาวิชิตา เกศะรักษ์,โรงเรียนสอนคนตาบอดภาคเหนือในพระบรมราชินูปถัมภ์ จังหวัดเชียงใหม่,ผู้รับผิดชอบโครงการ,ประเภทที่ 3 ด้านโอกาสและความเสมอภาค (Access & Equity),,ดีเยี่ยม,,
1603,ผู้บริหาร/ครู,นายณัฐธนานนท์ สารินจา,โรงเรียนวัดแม่แก้ดน้อย,ผู้บริหาร,ประเภทที่ 3 ด้านโอกาสและความเสมอภาค (Access & Equity),ชนะเลิศอันดับ 1,ดีเยี่ยม,,
1604,ผู้บริหาร/ครู,นางสาวปรียาภัทร์ บุรมย์ชัยสิน,โรงเรียนวัดแม่แก้ดน้อย,ผู้รับผิดชอบโครงการ,ประเภทที่ 3 ด้านโอกาสและความเสมอภาค (Access & Equity),ชนะเลิศอันดับ 1,ดีเยี่ยม,,
1605,ผู้บริหาร/ครู,นางสุธีรา สิริธิติ,โรงเรียนวัดแม่แก้ดน้อย,ผู้รับผิดชอบโครงการ,ประเภทที่ 3 ด้านโอกาสและความเสมอภาค (Access & Equity),ชนะเลิศอันดับ 1,ดีเยี่ยม,,
1606,ผู้บริหาร/ครู,นางสาวณัฐรินทร์คําปัญญา,โรงเรียนวัดแม่แก้ดน้อย,ผู้รับผิดชอบโครงการ,ประเภทที่ 3 ด้านโอกาสและความเสมอภาค (Access & Equity),ชนะเลิศอันดับ 1,ดีเยี่ยม,,
1607,ผู้บริหาร/ครู,นางสาววราภรณ์ ยิ่งโยชน์,โรงเรียนวัดแม่แก้ดน้อย,ผู้บริหาร,ประเภทที่ 3 ด้านโอกาสและความเสมอภาค (Access & Equity),ชนะเลิศอันดับ 1,ดีเยี่ยม,,
1608,ผู้บริหาร/ครู,นางสาวภัตตินันท์ สายนาค,โรงเรียนวัดแม่แก้ดน้อย,ผู้รับผิดชอบโครงการ,ประเภทที่ 3 ด้านโอกาสและความเสมอภาค (Access & Equity),ชนะเลิศอันดับ 1,ดีเยี่ยม,,
1609,ผู้บริหาร/ครู,นายสนิท ศรีคําเมา,โรงเรียนบ้านบ่อหลวง,ผู้บริหาร,ประเภทที่ 3 ด้านโอกาสและความเสมอภาค (Access & Equity),,ดีมาก,,
1610,ผู้บริหาร/ครู,นางสาวกนกพร ชื่นชม,โรงเรียนบ้านบ่อหลวง,ผู้รับผิดชอบโครงการ,ประเภทที่ 3 ด้านโอกาสและความเสมอภาค (Access & Equity),,ดีมาก,,
1611,ผู้บริหาร/ครู,นายอนัน เมืองบัวผัน,โรงเรียนชุมชนวัดศรีดงเย็น,ผู้บริหาร,ประเภทที่ 3 ด้านโอกาสและความเสมอภาค (Access & Equity),,ดีมาก,,
1612,ผู้บริหาร/ครู,นางสาวสุปราณี จีนใจ,โรงเรียนชุมชนวัดศรีดงเย็น,ผู้รับผิดชอบโครงการ,ประเภทที่ 3 ด้านโอกาสและความเสมอภาค (Access & Equity),,ดีมาก,,
1613,ผู้บริหาร/ครู,นายธนญชัย มุกพลอย,โรงเรียนชุมชนวัดศรีดงเย็น,ผู้รับผิดชอบโครงการ,ประเภทที่ 3 ด้านโอกาสและความเสมอภาค (Access & Equity),,ดีมาก,,
1614,ผู้บริหาร/ครู,นายณัฐวัฒน์ บุญอาจ,โรงเรียนชุมชนวัดศรีดงเย็น,ผู้รับผิดชอบโครงการ,ประเภทที่ 3 ด้านโอกาสและความเสมอภาค (Access & Equity),,ดีมาก,,
1615,ผู้บริหาร/ครู,นางสาวศิริภาภรณ์ ปัญญามหันต์ ,โรงเรียนชุมชนวัดศรีดงเย็น,ผู้รับผิดชอบโครงการ,ประเภทที่ 3 ด้านโอกาสและความเสมอภาค (Access & Equity),,ดีมาก,,
1616,ผู้บริหาร/ครู,นางสาวธัญนันท์ เดชานุวัฒน์ ,โรงเรียนชุมชนวัดศรีดงเย็น,ผู้รับผิดชอบโครงการ,ประเภทที่ 3 ด้านโอกาสและความเสมอภาค (Access & Equity),,ดีมาก,,
1617,ผู้บริหาร/ครู,นางสาวณัฐสุดา พรหมมา ,โรงเรียนชุมชนวัดศรีดงเย็น,ผู้รับผิดชอบโครงการ,ประเภทที่ 3 ด้านโอกาสและความเสมอภาค (Access & Equity),,ดีมาก,,
1618,ผู้บริหาร/ครู,นายสุวิทย์ สุทาลา,ศูนย์ฝึกอาชีพฯ โรงเรียนสอนคนตาบอดภาคเหนือในพระบรมราชินูปถัมภ์ จังหวัดเชียงใหม่,ผู้บริหาร,ประเภทที่ 3 ด้านโอกาสและความเสมอภาค (Access & Equity),รองชนะเลิศอันดับ 2,ดีเยี่ยม,,
1619,ผู้บริหาร/ครู,นายพนม บุญตอม,ศูนย์ฝึกอาชีพฯ โรงเรียนสอนคนตาบอดภาคเหนือในพระบรมราชินูปถัมภ์ จังหวัดเชียงใหม่,ผู้รับผิดชอบโครงการ,ประเภทที่ 3 ด้านโอกาสและความเสมอภาค (Access & Equity),รองชนะเลิศอันดับ 2,ดีเยี่ยม,,
1620,ผู้บริหาร/ครู,นายอรรถณพ คุ้มมี,ศูนย์ฝึกอาชีพฯ โรงเรียนสอนคนตาบอดภาคเหนือในพระบรมราชินูปถัมภ์ จังหวัดเชียงใหม่,ผู้รับผิดชอบโครงการ,ประเภทที่ 3 ด้านโอกาสและความเสมอภาค (Access & Equity),รองชนะเลิศอันดับ 2,ดีเยี่ยม,,
1621,ผู้บริหาร/ครู,นางสาวศริณญา วงศ์ฝั้น,ศูนย์ฝึกอาชีพฯ โรงเรียนสอนคนตาบอดภาคเหนือในพระบรมราชินูปถัมภ์ จังหวัดเชียงใหม่,ผู้รับผิดชอบโครงการ,ประเภทที่ 3 ด้านโอกาสและความเสมอภาค (Access & Equity),รองชนะเลิศอันดับ 2,ดีเยี่ยม,,
1622,ผู้บริหาร/ครู,นายจิรายุทธ ต๊ะอุ่น,ศูนย์ฝึกอาชีพฯ โรงเรียนสอนคนตาบอดภาคเหนือในพระบรมราชินูปถัมภ์ จังหวัดเชียงใหม่,ผู้รับผิดชอบโครงการ,ประเภทที่ 3 ด้านโอกาสและความเสมอภาค (Access & Equity),รองชนะเลิศอันดับ 2,ดีเยี่ยม,,
1623,ผู้บริหาร/ครู,นางสาวชลดา ชลวิวัฒน์มงคล,ศูนย์ฝึกอาชีพฯ โรงเรียนสอนคนตาบอดภาคเหนือในพระบรมราชินูปถัมภ์ จังหวัดเชียงใหม่,ผู้รับผิดชอบโครงการ,ประเภทที่ 3 ด้านโอกาสและความเสมอภาค (Access & Equity),รองชนะเลิศอันดับ 2,ดีเยี่ยม,,
1624,ผู้บริหาร/ครู,นางสาวสิริวิมล ขุนนันท์,ศูนย์ฝึกอาชีพฯ โรงเรียนสอนคนตาบอดภาคเหนือในพระบรมราชินูปถัมภ์ จังหวัดเชียงใหม่,ผู้รับผิดชอบโครงการ,ประเภทที่ 3 ด้านโอกาสและความเสมอภาค (Access & Equity),รองชนะเลิศอันดับ 2,ดีเยี่ยม,,
1625,ผู้บริหาร/ครู,นายสมนึก สิริตรงตระกูล,ศูนย์ฝึกอาชีพฯ โรงเรียนสอนคนตาบอดภาคเหนือในพระบรมราชินูปถัมภ์ จังหวัดเชียงใหม่,ผู้รับผิดชอบโครงการ,ประเภทที่ 3 ด้านโอกาสและความเสมอภาค (Access & Equity),รองชนะเลิศอันดับ 2,ดีเยี่ยม,,
1626,ผู้บริหาร/ครู,นายณัฐพล อนุรักษ์วนภูมิ,ศูนย์ฝึกอาชีพฯ โรงเรียนสอนคนตาบอดภาคเหนือในพระบรมราชินูปถัมภ์ จังหวัดเชียงใหม่,ผู้รับผิดชอบโครงการ,ประเภทที่ 3 ด้านโอกาสและความเสมอภาค (Access & Equity),รองชนะเลิศอันดับ 2,ดีเยี่ยม,,
1627,ผู้บริหาร/ครู,นายสมโภช เกษมเลิศตระกูล,ศูนย์ฝึกอาชีพฯ โรงเรียนสอนคนตาบอดภาคเหนือในพระบรมราชินูปถัมภ์ จังหวัดเชียงใหม่,ผู้รับผิดชอบโครงการ,ประเภทที่ 3 ด้านโอกาสและความเสมอภาค (Access & Equity),รองชนะเลิศอันดับ 2,ดีเยี่ยม,,
1628,ผู้บริหาร/ครู,นายชัยเลิศ พัฒนาชาวไทย,ศูนย์ฝึกอาชีพฯ โรงเรียนสอนคนตาบอดภาคเหนือในพระบรมราชินูปถัมภ์ จังหวัดเชียงใหม่,ผู้รับผิดชอบโครงการ,ประเภทที่ 3 ด้านโอกาสและความเสมอภาค (Access & Equity),รองชนะเลิศอันดับ 2,ดีเยี่ยม,,
1629,ผู้บริหาร/ครู,นางสาวหัสยารัตน์ ปัญไชยโชค,โรงเรียนสันป่ายางวิทยาคาร,ผู้บริหาร,ประเภทที่ 3 ด้านโอกาสและความเสมอภาค (Access & Equity),,ดีมาก,,
1630,ผู้บริหาร/ครู,นางสาวปลายฝัน นาวีพัฒนา,โรงเรียนสันป่ายางวิทยาคาร,ผู้รับผิดชอบโครงการ,ประเภทที่ 3 ด้านโอกาสและความเสมอภาค (Access & Equity),,ดีมาก,,
1631,ผู้บริหาร/ครู,นายอภิสิทธิ์ เรือนอ้าย,โรงเรียนสันป่ายางวิทยาคาร,ผู้รับผิดชอบโครงการ,ประเภทที่ 3 ด้านโอกาสและความเสมอภาค (Access & Equity),,ดีมาก,,
1632,ผู้บริหาร/ครู,นางสาวสาวิตรี ดอกพิกุล ,โรงเรียนสันป่ายางวิทยาคาร,ผู้รับผิดชอบโครงการ,ประเภทที่ 3 ด้านโอกาสและความเสมอภาค (Access & Equity),,ดีมาก,,
1633,ผู้บริหาร/ครู,นางสาวอัญญาณี ใจมูล,โรงเรียนสันป่ายางวิทยาคาร,ผู้รับผิดชอบโครงการ,ประเภทที่ 3 ด้านโอกาสและความเสมอภาค (Access & Equity),,ดีมาก,,
1634,ผู้บริหาร/ครู,นางสาวศิริวรรณ ปิงวงค์ ,โรงเรียนสันป่ายางวิทยาคาร,ผู้รับผิดชอบโครงการ,ประเภทที่ 3 ด้านโอกาสและความเสมอภาค (Access & Equity),,ดีมาก,,
1635,ผู้บริหาร/ครู,นายธีรวัฒน์ พุทธโส,โรงเรียนสันป่ายางวิทยาคาร,ผู้รับผิดชอบโครงการ,ประเภทที่ 3 ด้านโอกาสและความเสมอภาค (Access & Equity),,ดีมาก,,
1636,ผู้บริหาร/ครู,นางสาวการเกด อารยา,โรงเรียนสันป่ายางวิทยาคาร,ผู้รับผิดชอบโครงการ,ประเภทที่ 3 ด้านโอกาสและความเสมอภาค (Access & Equity),,ดีมาก,,
1637,ผู้บริหาร/ครู,นายธีรวิทย์ ทองดี,โรงเรียนบ้านปงตํา,ผู้บริหาร,ประเภทที่ 3 ด้านโอกาสและความเสมอภาค (Access & Equity),,ดีเยี่ยม,,
1638,ผู้บริหาร/ครู,นายเสกสรร ศรีแสวง,โรงเรียนบ้านปงตํา,ผู้รับผิดชอบโครงการ,ประเภทที่ 3 ด้านโอกาสและความเสมอภาค (Access & Equity),,ดีเยี่ยม,,
1639,ผู้บริหาร/ครู,นายวรเวช จันทรรัตน์,โรงเรียนกาวิละอนุกูล จังหวัดเชียงใหม่,ผู้บริหาร,ประเภทที่ 3 ด้านโอกาสและความเสมอภาค (Access & Equity),รองชนะเลิศอันดับ 1,ดีเยี่ยม,,
1640,ผู้บริหาร/ครู,นางสาวจิราภา ทิศวงศ์,โรงเรียนกาวิละอนุกูล จังหวัดเชียงใหม่,ผู้รับผิดชอบโครงการ,ประเภทที่ 3 ด้านโอกาสและความเสมอภาค (Access & Equity),รองชนะเลิศอันดับ 1,ดีเยี่ยม,,
1641,ผู้บริหาร/ครู,นางสาวจินห์จุฑา ตากองแก้ว,มูลนิธิมหาราช 5,ผู้บริหาร,ประเภทที่ 4 ด้านสิ่งแวดล้อมและพลเมืองโลก (ESD & Global Citizenship),,ดีมาก,,
1642,ผู้บริหาร/ครู,นางรัชนีกร นันทะเสน,โรงเรียนบ้านม่อนปิ่น,ผู้บริหาร,ประเภทที่ 4 ด้านสิ่งแวดล้อมและพลเมืองโลก (ESD & Global Citizenship),รองชนะเลิศอันดับ 2,ดีเยี่ยม,,
1643,ผู้บริหาร/ครู,นางกชกร อนาวัน,โรงเรียนบ้านม่อนปิ่น,ผู้รับผิดชอบโครงการ,ประเภทที่ 4 ด้านสิ่งแวดล้อมและพลเมืองโลก (ESD & Global Citizenship),รองชนะเลิศอันดับ 2,ดีเยี่ยม,,
1644,ผู้บริหาร/ครู,นางสาวอรปรียา คงวุฒิ ,โรงเรียนบ้านม่อนปิ่น,ผู้รับผิดชอบโครงการ,ประเภทที่ 4 ด้านสิ่งแวดล้อมและพลเมืองโลก (ESD & Global Citizenship),รองชนะเลิศอันดับ 2,ดีเยี่ยม,,
1645,ผู้บริหาร/ครู,นางสาวภัคจิรา เทพนันท์ ,โรงเรียนบ้านม่อนปิ่น,ผู้รับผิดชอบโครงการ,ประเภทที่ 4 ด้านสิ่งแวดล้อมและพลเมืองโลก (ESD & Global Citizenship),รองชนะเลิศอันดับ 2,ดีเยี่ยม,,
1646,ผู้บริหาร/ครู,นางสาวพิมพ์ธนพร นันภิวงค์ ,โรงเรียนบ้านม่อนปิ่น,ผู้รับผิดชอบโครงการ,ประเภทที่ 4 ด้านสิ่งแวดล้อมและพลเมืองโลก (ESD & Global Citizenship),รองชนะเลิศอันดับ 2,ดีเยี่ยม,,
1647,ผู้บริหาร/ครู,นางจีรวัฒน์ จันทร์แก้ว ,โรงเรียนบ้านม่อนปิ่น,ผู้รับผิดชอบโครงการ,ประเภทที่ 4 ด้านสิ่งแวดล้อมและพลเมืองโลก (ESD & Global Citizenship),รองชนะเลิศอันดับ 2,ดีเยี่ยม,,
1648,ผู้บริหาร/ครู,นางดรุณี งามล้ำ,โรงเรียนบ้านม่อนปิ่น,ผู้รับผิดชอบโครงการ,ประเภทที่ 4 ด้านสิ่งแวดล้อมและพลเมืองโลก (ESD & Global Citizenship),รองชนะเลิศอันดับ 2,ดีเยี่ยม,,
1649,ผู้บริหาร/ครู,นางสาวิตรี เกษเกษี ,โรงเรียนบ้านม่อนปิ่น,ผู้รับผิดชอบโครงการ,ประเภทที่ 4 ด้านสิ่งแวดล้อมและพลเมืองโลก (ESD & Global Citizenship),รองชนะเลิศอันดับ 2,ดีเยี่ยม,,
1650,ผู้บริหาร/ครู,นางสาวจารุวรรณ ม่วงเลี้ยง,โรงเรียนบ้านม่อนปิ่น,ผู้รับผิดชอบโครงการ,ประเภทที่ 4 ด้านสิ่งแวดล้อมและพลเมืองโลก (ESD & Global Citizenship),รองชนะเลิศอันดับ 2,ดีเยี่ยม,,
1651,ผู้บริหาร/ครู,นางสาวนันณภัชสรณ์ ทองคํา ,โรงเรียนบ้านม่อนปิ่น,ผู้รับผิดชอบโครงการ,ประเภทที่ 4 ด้านสิ่งแวดล้อมและพลเมืองโลก (ESD & Global Citizenship),รองชนะเลิศอันดับ 2,ดีเยี่ยม,,
1652,ผู้บริหาร/ครู,นายพิเชษฐ ธนาวงค์ ,โรงเรียนบ้านม่อนปิ่น,ผู้รับผิดชอบโครงการ,ประเภทที่ 4 ด้านสิ่งแวดล้อมและพลเมืองโลก (ESD & Global Citizenship),รองชนะเลิศอันดับ 2,ดีเยี่ยม,,
1653,ผู้บริหาร/ครู,นายณัฐวัตร เดินแปง,โรงเรียนบ้านม่อนปิ่น,ผู้รับผิดชอบโครงการ,ประเภทที่ 4 ด้านสิ่งแวดล้อมและพลเมืองโลก (ESD & Global Citizenship),รองชนะเลิศอันดับ 2,ดีเยี่ยม,,
1654,ผู้บริหาร/ครู,นางสาวศุภรดา อภิชัย ,โรงเรียนบ้านม่อนปิ่น,ผู้รับผิดชอบโครงการ,ประเภทที่ 4 ด้านสิ่งแวดล้อมและพลเมืองโลก (ESD & Global Citizenship),รองชนะเลิศอันดับ 2,ดีเยี่ยม,,
1655,ผู้บริหาร/ครู,นางสาวอรจิรา มหารัตน์ ,โรงเรียนบ้านม่อนปิ่น,ผู้รับผิดชอบโครงการ,ประเภทที่ 4 ด้านสิ่งแวดล้อมและพลเมืองโลก (ESD & Global Citizenship),รองชนะเลิศอันดับ 2,ดีเยี่ยม,,
1656,ผู้บริหาร/ครู,นางสาววรัญญา ผาลัย ,โรงเรียนบ้านม่อนปิ่น,ผู้รับผิดชอบโครงการ,ประเภทที่ 4 ด้านสิ่งแวดล้อมและพลเมืองโลก (ESD & Global Citizenship),รองชนะเลิศอันดับ 2,ดีเยี่ยม,,
1657,ผู้บริหาร/ครู,นางสาวนภเกตน์  ต้าวก๋า ,โรงเรียนบ้านม่อนปิ่น,ผู้รับผิดชอบโครงการ,ประเภทที่ 4 ด้านสิ่งแวดล้อมและพลเมืองโลก (ESD & Global Citizenship),รองชนะเลิศอันดับ 2,ดีเยี่ยม,,
1658,ผู้บริหาร/ครู,นายฉัตรชัย จันทร์หอม ,โรงเรียนบ้านม่อนปิ่น,ผู้รับผิดชอบโครงการ,ประเภทที่ 4 ด้านสิ่งแวดล้อมและพลเมืองโลก (ESD & Global Citizenship),รองชนะเลิศอันดับ 2,ดีเยี่ยม,,
1659,ผู้บริหาร/ครู,นายชัชวาล ปรัง ,โรงเรียนบ้านม่อนปิ่น,ผู้รับผิดชอบโครงการ,ประเภทที่ 4 ด้านสิ่งแวดล้อมและพลเมืองโลก (ESD & Global Citizenship),รองชนะเลิศอันดับ 2,ดีเยี่ยม,,
1660,ผู้บริหาร/ครู,นางสาวเจนจิรา พรหมเทศ,โรงเรียนบ้านม่อนปิ่น,ผู้รับผิดชอบโครงการ,ประเภทที่ 4 ด้านสิ่งแวดล้อมและพลเมืองโลก (ESD & Global Citizenship),รองชนะเลิศอันดับ 2,ดีเยี่ยม,,
1661,ผู้บริหาร/ครู,นายวัชรพงค์ ไชยภา,โรงเรียนบ้านม่อนปิ่น,ผู้รับผิดชอบโครงการ,ประเภทที่ 4 ด้านสิ่งแวดล้อมและพลเมืองโลก (ESD & Global Citizenship),รองชนะเลิศอันดับ 2,ดีเยี่ยม,,
1662,ผู้บริหาร/ครู,นางสาววาสนา ทองอร่าม ,โรงเรียนบ้านม่อนปิ่น,ผู้รับผิดชอบโครงการ,ประเภทที่ 4 ด้านสิ่งแวดล้อมและพลเมืองโลก (ESD & Global Citizenship),รองชนะเลิศอันดับ 2,ดีเยี่ยม,,
1663,ผู้บริหาร/ครู,นางพรรณทิพย์ ใจคํามา,โรงเรียนบ้านม่อนปิ่น,ผู้รับผิดชอบโครงการ,ประเภทที่ 4 ด้านสิ่งแวดล้อมและพลเมืองโลก (ESD & Global Citizenship),รองชนะเลิศอันดับ 2,ดีเยี่ยม,,
1664,ผู้บริหาร/ครู,นางธันยภรณ์ ต้านคือ ,โรงเรียนบ้านม่อนปิ่น,ผู้รับผิดชอบโครงการ,ประเภทที่ 4 ด้านสิ่งแวดล้อมและพลเมืองโลก (ESD & Global Citizenship),รองชนะเลิศอันดับ 2,ดีเยี่ยม,,
1665,ผู้บริหาร/ครู,นางสมศรี บัวผัน,โรงเรียนบ้านม่อนปิ่น,ผู้รับผิดชอบโครงการ,ประเภทที่ 4 ด้านสิ่งแวดล้อมและพลเมืองโลก (ESD & Global Citizenship),รองชนะเลิศอันดับ 2,ดีเยี่ยม,,
1666,ผู้บริหาร/ครู,นางสาวพิมพ์ผกา พรมณี,โรงเรียนบ้านม่อนปิ่น,ผู้รับผิดชอบโครงการ,ประเภทที่ 4 ด้านสิ่งแวดล้อมและพลเมืองโลก (ESD & Global Citizenship),รองชนะเลิศอันดับ 2,ดีเยี่ยม,,
1667,ผู้บริหาร/ครู,นางสาวศิริยา อินทกาโมทย์,โรงเรียนวัดแม่กะ,ผู้บริหาร,ประเภทที่ 4 ด้านสิ่งแวดล้อมและพลเมืองโลก (ESD & Global Citizenship),ชนะเลิศอันดับ 1,ดีเยี่ยม,,
1668,ผู้บริหาร/ครู,นายจักรพงศ์ จันทวงศ์ ,โรงเรียนวัดแม่กะ,ผู้รับผิดชอบโครงการ,ประเภทที่ 4 ด้านสิ่งแวดล้อมและพลเมืองโลก (ESD & Global Citizenship),ชนะเลิศอันดับ 1,ดีเยี่ยม,,
1669,ผู้บริหาร/ครู,นางสาวศิริณทิพย์ สุวรรณ์ ,โรงเรียนวัดแม่กะ,ผู้รับผิดชอบโครงการ,ประเภทที่ 4 ด้านสิ่งแวดล้อมและพลเมืองโลก (ESD & Global Citizenship),ชนะเลิศอันดับ 1,ดีเยี่ยม,,
1670,ผู้บริหาร/ครู,นางสาวศศิประภา ชมถิ่น,โรงเรียนวัดแม่กะ,ผู้รับผิดชอบโครงการ,ประเภทที่ 4 ด้านสิ่งแวดล้อมและพลเมืองโลก (ESD & Global Citizenship),ชนะเลิศอันดับ 1,ดีเยี่ยม,,
1671,ผู้บริหาร/ครู,นางณพิชญา นิติคุณชัย,โรงเรียนวัดแม่กะ,ผู้รับผิดชอบโครงการ,ประเภทที่ 4 ด้านสิ่งแวดล้อมและพลเมืองโลก (ESD & Global Citizenship),ชนะเลิศอันดับ 1,ดีเยี่ยม,,
1672,ผู้บริหาร/ครู,นายธนะกานต์ ภูมิมาลา,โรงเรียนวัดแม่กะ,ผู้รับผิดชอบโครงการ,ประเภทที่ 4 ด้านสิ่งแวดล้อมและพลเมืองโลก (ESD & Global Citizenship),ชนะเลิศอันดับ 1,ดีเยี่ยม,,
1673,ผู้บริหาร/ครู,นางสาวจันทวี ทาเกิด,โรงเรียนวัดแม่กะ,ผู้รับผิดชอบโครงการ,ประเภทที่ 4 ด้านสิ่งแวดล้อมและพลเมืองโลก (ESD & Global Citizenship),ชนะเลิศอันดับ 1,ดีเยี่ยม,,
1674,ผู้บริหาร/ครู,นางสาวนฤมล กระจ่างโฉม,โรงเรียนวัดแม่กะ,ผู้รับผิดชอบโครงการ,ประเภทที่ 4 ด้านสิ่งแวดล้อมและพลเมืองโลก (ESD & Global Citizenship),ชนะเลิศอันดับ 1,ดีเยี่ยม,,
1675,ผู้บริหาร/ครู,นายธนดล แดนคีรีราษฎร์,โรงเรียนวัดแม่กะ,ผู้รับผิดชอบโครงการ,ประเภทที่ 4 ด้านสิ่งแวดล้อมและพลเมืองโลก (ESD & Global Citizenship),ชนะเลิศอันดับ 1,ดีเยี่ยม,,
1676,ผู้บริหาร/ครู,นางสาวเยาวพา มาน้อย,โรงเรียนวัดแม่กะ,ผู้รับผิดชอบโครงการ,ประเภทที่ 4 ด้านสิ่งแวดล้อมและพลเมืองโลก (ESD & Global Citizenship),ชนะเลิศอันดับ 1,ดีเยี่ยม,,
1677,ผู้บริหาร/ครู,นายณัฐพงษ์ วิริยา ,โรงเรียนวัดแม่กะ,ผู้รับผิดชอบโครงการ,ประเภทที่ 4 ด้านสิ่งแวดล้อมและพลเมืองโลก (ESD & Global Citizenship),ชนะเลิศอันดับ 1,ดีเยี่ยม,,
1678,ผู้บริหาร/ครู,นายพิสิษฐ์ ตั้งสกุล ,โรงเรียนวัดแม่กะ,ผู้รับผิดชอบโครงการ,ประเภทที่ 4 ด้านสิ่งแวดล้อมและพลเมืองโลก (ESD & Global Citizenship),ชนะเลิศอันดับ 1,ดีเยี่ยม,,
1679,ผู้บริหาร/ครู,นายสุรชัย ปองพรศักดิ์,โรงเรียนวัดแม่กะ,ผู้รับผิดชอบโครงการ,ประเภทที่ 4 ด้านสิ่งแวดล้อมและพลเมืองโลก (ESD & Global Citizenship),ชนะเลิศอันดับ 1,ดีเยี่ยม,,
1680,ผู้บริหาร/ครู,นายอลงกต เรียนยอย,โรงเรียนป่าจี้วังแดงวิทยา,ผู้บริหาร,ประเภทที่ 4 ด้านสิ่งแวดล้อมและพลเมืองโลก (ESD & Global Citizenship),,ดีเยี่ยม,,
1681,ผู้บริหาร/ครู,นายราเชน ศรพันปี,โรงเรียนป่าจี้วังแดงวิทยา,ผู้รับผิดชอบโครงการ,ประเภทที่ 4 ด้านสิ่งแวดล้อมและพลเมืองโลก (ESD & Global Citizenship),,ดีเยี่ยม,,
1682,ผู้บริหาร/ครู,นายศุภชัย ปานเกษม,โรงเรียนป่าจี้วังแดงวิทยา,ผู้รับผิดชอบโครงการ,ประเภทที่ 4 ด้านสิ่งแวดล้อมและพลเมืองโลก (ESD & Global Citizenship),,ดีเยี่ยม,,
1683,ผู้บริหาร/ครู,นางอ้อยใจ โปธ,โรงเรียนป่าจี้วังแดงวิทยา,ผู้รับผิดชอบโครงการ,ประเภทที่ 4 ด้านสิ่งแวดล้อมและพลเมืองโลก (ESD & Global Citizenship),,ดีเยี่ยม,,
1684,ผู้บริหาร/ครู,นางเกษรินทร์ เป็งจันทร,โรงเรียนป่าจี้วังแดงวิทยา,ผู้รับผิดชอบโครงการ,ประเภทที่ 4 ด้านสิ่งแวดล้อมและพลเมืองโลก (ESD & Global Citizenship),,ดีเยี่ยม,,
1685,ผู้บริหาร/ครู,นางเดือนฉาย ต๊ะมา,โรงเรียนป่าจี้วังแดงวิทยา,ผู้รับผิดชอบโครงการ,ประเภทที่ 4 ด้านสิ่งแวดล้อมและพลเมืองโลก (ESD & Global Citizenship),,ดีเยี่ยม,,
1686,ผู้บริหาร/ครู,นางสาวอุทุมพร สะอาดรักษ์ธรรม,โรงเรียนป่าจี้วังแดงวิทยา,ผู้รับผิดชอบโครงการ,ประเภทที่ 4 ด้านสิ่งแวดล้อมและพลเมืองโลก (ESD & Global Citizenship),,ดีเยี่ยม,,
1687,ผู้บริหาร/ครู,นางสาวนารีรัตน์ มณีรักษ,โรงเรียนป่าจี้วังแดงวิทยา,ผู้รับผิดชอบโครงการ,ประเภทที่ 4 ด้านสิ่งแวดล้อมและพลเมืองโลก (ESD & Global Citizenship),,ดีเยี่ยม,,
1688,ผู้บริหาร/ครู,นางสุธินันท์ ทุนคํา,โรงเรียนป่าจี้วังแดงวิทยา,ผู้รับผิดชอบโครงการ,ประเภทที่ 4 ด้านสิ่งแวดล้อมและพลเมืองโลก (ESD & Global Citizenship),,ดีเยี่ยม,,
1689,ผู้บริหาร/ครู,นายเศวต ศิริวิวัฒน์ไพทูร,โรงเรียนป่าจี้วังแดงวิทยา,ผู้รับผิดชอบโครงการ,ประเภทที่ 4 ด้านสิ่งแวดล้อมและพลเมืองโลก (ESD & Global Citizenship),,ดีเยี่ยม,,
1690,ผู้บริหาร/ครู,นายกฤษณะ ทองกําเนิด,โรงเรียนป่าจี้วังแดงวิทยา,ผู้รับผิดชอบโครงการ,ประเภทที่ 4 ด้านสิ่งแวดล้อมและพลเมืองโลก (ESD & Global Citizenship),,ดีเยี่ยม,,
1691,ผู้บริหาร/ครู,นางสาวธัญญาเรศ สุริยะ,โรงเรียนป่าจี้วังแดงวิทยา,ผู้รับผิดชอบโครงการ,ประเภทที่ 4 ด้านสิ่งแวดล้อมและพลเมืองโลก (ESD & Global Citizenship),,ดีเยี่ยม,,
1692,ผู้บริหาร/ครู,นายวินัย ทรัพย์พร้อม,โรงเรียนป่าจี้วังแดงวิทยา,ผู้รับผิดชอบโครงการ,ประเภทที่ 4 ด้านสิ่งแวดล้อมและพลเมืองโลก (ESD & Global Citizenship),,ดีเยี่ยม,,
1693,ผู้บริหาร/ครู,นางสาวพรรณทิวา เขจร,โรงเรียนป่าจี้วังแดงวิทยา,ผู้รับผิดชอบโครงการ,ประเภทที่ 4 ด้านสิ่งแวดล้อมและพลเมืองโลก (ESD & Global Citizenship),,ดีเยี่ยม,,
1694,ผู้บริหาร/ครู,นายจีรศักดิ์ เจริญวรรณ์,โรงเรียนวัดอรัญญวาสี,ผู้บริหาร,ประเภทที่ 4 ด้านสิ่งแวดล้อมและพลเมืองโลก (ESD & Global Citizenship),,ดีมาก,,
1695,ผู้บริหาร/ครู,นายสมบูรณ์ เหล็กฝั้น,โรงเรียนวัดอรัญญวาสี,ผู้รับผิดชอบโครงการ,ประเภทที่ 4 ด้านสิ่งแวดล้อมและพลเมืองโลก (ESD & Global Citizenship),,ดีมาก,,
1696,ผู้บริหาร/ครู,นางสาวศิริภาภรณ์ ปัญญามหันต์,โรงเรียนวัดอรัญญวาสี,ผู้รับผิดชอบโครงการ,ประเภทที่ 4 ด้านสิ่งแวดล้อมและพลเมืองโลก (ESD & Global Citizenship),,ดีมาก,,
1697,ผู้บริหาร/ครู,นายสุรพล  ยะคำป้อ,โรงเรียนแม่หอพระวิทยาคม,ผู้บริหาร,ประเภทที่ 4 ด้านสิ่งแวดล้อมและพลเมืองโลก (ESD & Global Citizenship),,ดีเยี่ยม,,
1698,ผู้บริหาร/ครู,นางสาววราพร  จินาพร,โรงเรียนแม่หอพระวิทยาคม,ผู้รับผิดชอบโครงการ,ประเภทที่ 4 ด้านสิ่งแวดล้อมและพลเมืองโลก (ESD & Global Citizenship),,ดีเยี่ยม,,
1699,ผู้บริหาร/ครู,นางสาวฐิตาภา  สัญเพ็ญ,โรงเรียนแม่หอพระวิทยาคม,ผู้รับผิดชอบโครงการ,ประเภทที่ 4 ด้านสิ่งแวดล้อมและพลเมืองโลก (ESD & Global Citizenship),,ดีเยี่ยม,,
1700,ผู้บริหาร/ครู,นางสาวณิรินทร์รดา  ปรมสุข,โรงเรียนแม่หอพระวิทยาคม,ผู้รับผิดชอบโครงการ,ประเภทที่ 4 ด้านสิ่งแวดล้อมและพลเมืองโลก (ESD & Global Citizenship),,ดีเยี่ยม,,
1701,ผู้บริหาร/ครู,นายเสรี  ศรีลาเม,โรงเรียนแม่หอพระวิทยาคม,ผู้รับผิดชอบโครงการ,ประเภทที่ 4 ด้านสิ่งแวดล้อมและพลเมืองโลก (ESD & Global Citizenship),,ดีเยี่ยม,,
1702,ผู้บริหาร/ครู,ดร.ธาราทิพย์  วงษ์บรรณะ,โรงเรียนนวมินทราชูทิศ พายัพ,ผู้บริหาร,ประเภทที่ 4 ด้านสิ่งแวดล้อมและพลเมืองโลก (ESD & Global Citizenship),รองชนะเลิศอันดับ 1,ดีเยี่ยม,,
1703,ผู้บริหาร/ครู,นายวรายุทธ อุตตะมา,โรงเรียนนวมินทราชูทิศ พายัพ,ผู้รับผิดชอบโครงการ,ประเภทที่ 4 ด้านสิ่งแวดล้อมและพลเมืองโลก (ESD & Global Citizenship),รองชนะเลิศอันดับ 1,ดีเยี่ยม,,
1704,ผู้บริหาร/ครู,นางสาวปิยาภรณ์ โปธา,โรงเรียนนวมินทราชูทิศ พายัพ,ผู้รับผิดชอบโครงการ,ประเภทที่ 4 ด้านสิ่งแวดล้อมและพลเมืองโลก (ESD & Global Citizenship),รองชนะเลิศอันดับ 1,ดีเยี่ยม,,
1705,ผู้บริหาร/ครู,นางสาวเบญจมาศ บุญเพิ่มพูล,โรงเรียนนวมินทราชูทิศ พายัพ,ผู้รับผิดชอบโครงการ,ประเภทที่ 4 ด้านสิ่งแวดล้อมและพลเมืองโลก (ESD & Global Citizenship),รองชนะเลิศอันดับ 1,ดีเยี่ยม,,
1706,ผู้บริหาร/ครู,นางสาวอัญชิสา ชัยชิต ,โรงเรียนนวมินทราชูทิศ พายัพ,ผู้รับผิดชอบโครงการ,ประเภทที่ 4 ด้านสิ่งแวดล้อมและพลเมืองโลก (ESD & Global Citizenship),รองชนะเลิศอันดับ 1,ดีเยี่ยม,,
1707,ผู้บริหาร/ครู,นางสาวฐิติมา ศิริปัน ,โรงเรียนนวมินทราชูทิศ พายัพ,ผู้รับผิดชอบโครงการ,ประเภทที่ 4 ด้านสิ่งแวดล้อมและพลเมืองโลก (ESD & Global Citizenship),รองชนะเลิศอันดับ 1,ดีเยี่ยม,,
1708,ผู้บริหาร/ครู,นางสาวพลอยชมพู ผลดี ,โรงเรียนนวมินทราชูทิศ พายัพ,ผู้รับผิดชอบโครงการ,ประเภทที่ 4 ด้านสิ่งแวดล้อมและพลเมืองโลก (ESD & Global Citizenship),รองชนะเลิศอันดับ 1,ดีเยี่ยม,,
1709,ผู้บริหาร/ครู,นางสาวธนปพร กองเมือง ,โรงเรียนนวมินทราชูทิศ พายัพ,ผู้รับผิดชอบโครงการ,ประเภทที่ 4 ด้านสิ่งแวดล้อมและพลเมืองโลก (ESD & Global Citizenship),รองชนะเลิศอันดับ 1,ดีเยี่ยม,,
1710,ผู้บริหาร/ครู,นางสาวกัญญาภัค อยู่ยืนยง ,โรงเรียนนวมินทราชูทิศ พายัพ,ผู้รับผิดชอบโครงการ,ประเภทที่ 4 ด้านสิ่งแวดล้อมและพลเมืองโลก (ESD & Global Citizenship),รองชนะเลิศอันดับ 1,ดีเยี่ยม,,
1711,ผู้บริหาร/ครู,นางสาวณัฐพร นาเย่,โรงเรียนนวมินทราชูทิศ พายัพ,ผู้รับผิดชอบโครงการ,ประเภทที่ 4 ด้านสิ่งแวดล้อมและพลเมืองโลก (ESD & Global Citizenship),รองชนะเลิศอันดับ 1,ดีเยี่ยม,,
1712,ผู้บริหาร/ครู,นางสาวสุกัญญา ไชยถา,โรงเรียนวัดร้องวัวแดงศรีจันทร์วิทยาคาร,ผู้บริหาร,ประเภทที่ 4 ด้านสิ่งแวดล้อมและพลเมืองโลก (ESD & Global Citizenship),,ดีเยี่ยม,,
1713,ผู้บริหาร/ครู,นายศิวกร สุ่นทอง,โรงเรียนวัดร้องวัวแดงศรีจันทร์วิทยาคาร,ผู้รับผิดชอบโครงการ,ประเภทที่ 4 ด้านสิ่งแวดล้อมและพลเมืองโลก (ESD & Global Citizenship),,ดีเยี่ยม,,
1714,ผู้บริหาร/ครู,นางศศิอิสรีย์ หลวงหมื่น ,โรงเรียนวัดร้องวัวแดงศรีจันทร์วิทยาคาร,ผู้รับผิดชอบโครงการ,ประเภทที่ 4 ด้านสิ่งแวดล้อมและพลเมืองโลก (ESD & Global Citizenship),,ดีเยี่ยม,,
1715,ผู้บริหาร/ครู,นางสาววนิดา ตระกูลชัย ,โรงเรียนวัดร้องวัวแดงศรีจันทร์วิทยาคาร,ผู้รับผิดชอบโครงการ,ประเภทที่ 4 ด้านสิ่งแวดล้อมและพลเมืองโลก (ESD & Global Citizenship),,ดีเยี่ยม,,
1716,ผู้บริหาร/ครู,นายอดุลย์วิชญ์ ศรีเกี้ยวฝั้น,โรงเรียนวัดร้องวัวแดงศรีจันทร์วิทยาคาร,ผู้รับผิดชอบโครงการ,ประเภทที่ 4 ด้านสิ่งแวดล้อมและพลเมืองโลก (ESD & Global Citizenship),,ดีเยี่ยม,,
1717,ผู้บริหาร/ครู,นางสาวนพวรรณ สมบัติใหม่,โรงเรียนวัดทรายมูลรัตนศึกษา,ผู้บริหาร,ประเภทที่ 4 ด้านสิ่งแวดล้อมและพลเมืองโลก (ESD & Global Citizenship),,ดีมาก,,
1718,ผู้บริหาร/ครู,นางสาวพิจิตรา ปันเต,โรงเรียนวัดทรายมูลรัตนศึกษา,ผู้รับผิดชอบโครงการ,ประเภทที่ 4 ด้านสิ่งแวดล้อมและพลเมืองโลก (ESD & Global Citizenship),,ดีมาก,,
1719,ผู้บริหาร/ครู,นายพิทยา ต๋าคํา,โรงเรียนวัดทรายมูลรัตนศึกษา,ผู้รับผิดชอบโครงการ,ประเภทที่ 4 ด้านสิ่งแวดล้อมและพลเมืองโลก (ESD & Global Citizenship),,ดีมาก,,
1720,ผู้บริหาร/ครู,นางภารดี เมืองตา ,โรงเรียนวัดทรายมูลรัตนศึกษา,ผู้รับผิดชอบโครงการ,ประเภทที่ 4 ด้านสิ่งแวดล้อมและพลเมืองโลก (ESD & Global Citizenship),,ดีมาก,,
1721,ผู้บริหาร/ครู,นางสาวจีราพร เขียวกันยะ ,โรงเรียนวัดทรายมูลรัตนศึกษา,ผู้รับผิดชอบโครงการ,ประเภทที่ 4 ด้านสิ่งแวดล้อมและพลเมืองโลก (ESD & Global Citizenship),,ดีมาก,,
1722,ผู้บริหาร/ครู,นายพนม หวานเสียง ,โรงเรียนวัดทรายมูลรัตนศึกษา,ผู้รับผิดชอบโครงการ,ประเภทที่ 4 ด้านสิ่งแวดล้อมและพลเมืองโลก (ESD & Global Citizenship),,ดีมาก,,
1723,ผู้บริหาร/ครู,นายอานนท์ อุปนันต์,โรงเรียนชุมชนวัดช่อแล,ผู้บริหาร,ประเภทที่ 5 ด้านการสร้างความตระหนักรู้เรื่องการพัฒนาที่ยั่งยืนด้านการศึกษา SDG4,,,,
1724,ผู้บริหาร/ครู,นายนิติศาสตร์ กันธพงค์,โรงเรียนชุมชนวัดช่อแล,ผู้รับผิดชอบโครงการ,ประเภทที่ 5 ด้านการสร้างความตระหนักรู้เรื่องการพัฒนาที่ยั่งยืนด้านการศึกษา SDG4,,,,
1725,ผู้บริหาร/ครู,นายกฤษฎาญุตม์ ประพรหมมา,โรงเรียนชุมชนวัดช่อแล,ผู้รับผิดชอบโครงการ,ประเภทที่ 5 ด้านการสร้างความตระหนักรู้เรื่องการพัฒนาที่ยั่งยืนด้านการศึกษา SDG4,,,,
1726,ผู้บริหาร/ครู,นายวัชรายุทธ ประกอบของ,โรงเรียนชุมชนวัดช่อแล,ผู้รับผิดชอบโครงการ,ประเภทที่ 5 ด้านการสร้างความตระหนักรู้เรื่องการพัฒนาที่ยั่งยืนด้านการศึกษา SDG4,,,,
1727,ผู้บริหาร/ครู,นางสิริพรรณ บุญตอม,โรงเรียนชุมชนวัดช่อแล,ผู้รับผิดชอบโครงการ,ประเภทที่ 5 ด้านการสร้างความตระหนักรู้เรื่องการพัฒนาที่ยั่งยืนด้านการศึกษา SDG4,,,,
1728,ผู้บริหาร/ครู,นางสาวเสาวนีย์ งามหมู่,โรงเรียนชุมชนวัดช่อแล,ผู้รับผิดชอบโครงการ,ประเภทที่ 5 ด้านการสร้างความตระหนักรู้เรื่องการพัฒนาที่ยั่งยืนด้านการศึกษา SDG4,,,,
1729,ผู้บริหาร/ครู,นางสาวรุ่งทิวา มหาวรรณ์,โรงเรียนชุมชนวัดช่อแล,ผู้รับผิดชอบโครงการ,ประเภทที่ 5 ด้านการสร้างความตระหนักรู้เรื่องการพัฒนาที่ยั่งยืนด้านการศึกษา SDG4,,,,
1730,ผู้บริหาร/ครู,นางสาวศิรินทร์ ภูมิมาลา,โรงเรียนชุมชนวัดช่อแล,ผู้รับผิดชอบโครงการ,ประเภทที่ 5 ด้านการสร้างความตระหนักรู้เรื่องการพัฒนาที่ยั่งยืนด้านการศึกษา SDG4,,,,
1731,ผู้บริหาร/ครู,นางสาวธัญญาภรณ์ ภิญโญ,โรงเรียนชุมชนวัดช่อแล,ผู้รับผิดชอบโครงการ,ประเภทที่ 5 ด้านการสร้างความตระหนักรู้เรื่องการพัฒนาที่ยั่งยืนด้านการศึกษา SDG4,,,,
1732,ผู้บริหาร/ครู,นายชายชาญ จอมแปง,โรงเรียนชุมชนวัดช่อแล,ผู้รับผิดชอบโครงการ,ประเภทที่ 5 ด้านการสร้างความตระหนักรู้เรื่องการพัฒนาที่ยั่งยืนด้านการศึกษา SDG4,,,,
1733,ผู้บริหาร/ครู,นางสาวสุรีย์นิภา มาเละ,โรงเรียนชุมชนวัดช่อแล,ผู้รับผิดชอบโครงการ,ประเภทที่ 5 ด้านการสร้างความตระหนักรู้เรื่องการพัฒนาที่ยั่งยืนด้านการศึกษา SDG4,,,,
1734,ผู้บริหาร/ครู,นางสาวโชติกา สิงห์ภักดี,โรงเรียนชุมชนวัดช่อแล,ผู้รับผิดชอบโครงการ,ประเภทที่ 5 ด้านการสร้างความตระหนักรู้เรื่องการพัฒนาที่ยั่งยืนด้านการศึกษา SDG4,,,,
1735,ผู้บริหาร/ครู,นางสาวบุณฑริกา บุบผชาติกุล,โรงเรียนชุมชนวัดช่อแล,ผู้รับผิดชอบโครงการ,ประเภทที่ 5 ด้านการสร้างความตระหนักรู้เรื่องการพัฒนาที่ยั่งยืนด้านการศึกษา SDG4,,,,
1736,ผู้บริหาร/ครู,นางสาวศิริกัญญา ใจวังโลก,โรงเรียนชุมชนวัดช่อแล,ผู้รับผิดชอบโครงการ,ประเภทที่ 5 ด้านการสร้างความตระหนักรู้เรื่องการพัฒนาที่ยั่งยืนด้านการศึกษา SDG4,,,,
1737,ผู้บริหาร/ครู,นางสาวสุพิชญา สมแก้ว,โรงเรียนชุมชนวัดช่อแล,ผู้รับผิดชอบโครงการ,ประเภทที่ 5 ด้านการสร้างความตระหนักรู้เรื่องการพัฒนาที่ยั่งยืนด้านการศึกษา SDG4,,,,
1738,ผู้บริหาร/ครู,นางสาวนิตยา เรือนงาม,โรงเรียนชุมชนวัดช่อแล,ผู้รับผิดชอบโครงการ,ประเภทที่ 5 ด้านการสร้างความตระหนักรู้เรื่องการพัฒนาที่ยั่งยืนด้านการศึกษา SDG4,,,,
1739,ผู้บริหาร/ครู,นายเริงชัย มาเล,โรงเรียนชุมชนวัดช่อแล,ผู้รับผิดชอบโครงการ,ประเภทที่ 5 ด้านการสร้างความตระหนักรู้เรื่องการพัฒนาที่ยั่งยืนด้านการศึกษา SDG4,,,,
1740,ผู้บริหาร/ครู,นายวีระ คําดวงดาว,โรงเรียนชุมชนวัดช่อแล,ผู้รับผิดชอบโครงการ,ประเภทที่ 5 ด้านการสร้างความตระหนักรู้เรื่องการพัฒนาที่ยั่งยืนด้านการศึกษา SDG4,,,,
1741,ผู้บริหาร/ครู,นางสาวศรัญญา ธนะสมบัติ,โรงเรียนชุมชนวัดช่อแล,ผู้รับผิดชอบโครงการ,ประเภทที่ 5 ด้านการสร้างความตระหนักรู้เรื่องการพัฒนาที่ยั่งยืนด้านการศึกษา SDG4,,,,
1742,ผู้บริหาร/ครู,นายกัณฐกฤติ์ ดอนสุวรรณ,โรงเรียนชุมชนวัดช่อแล,ผู้รับผิดชอบโครงการ,ประเภทที่ 5 ด้านการสร้างความตระหนักรู้เรื่องการพัฒนาที่ยั่งยืนด้านการศึกษา SDG4,,,,
1743,ผู้บริหาร/ครู,นางนภัสนันท์ ทาจีนะ,โรงเรียนชุมชนวัดช่อแล,ผู้รับผิดชอบโครงการ,ประเภทที่ 5 ด้านการสร้างความตระหนักรู้เรื่องการพัฒนาที่ยั่งยืนด้านการศึกษา SDG4,,,,
1744,ผู้บริหาร/ครู,นางสาวนันทยา บุตราสวรรค์,โรงเรียนชุมชนวัดช่อแล,ผู้รับผิดชอบโครงการ,ประเภทที่ 5 ด้านการสร้างความตระหนักรู้เรื่องการพัฒนาที่ยั่งยืนด้านการศึกษา SDG4,,,,
1745,ผู้บริหาร/ครู,นางนภาวรรณ เทพสุรินทร์,โรงเรียนชุมชนวัดช่อแล,ผู้รับผิดชอบโครงการ,ประเภทที่ 5 ด้านการสร้างความตระหนักรู้เรื่องการพัฒนาที่ยั่งยืนด้านการศึกษา SDG4,,,,
1746,ผู้บริหาร/ครู,นางสาวศศิวิมล ดวงศรี,โรงเรียนชุมชนวัดช่อแล,ผู้รับผิดชอบโครงการ,ประเภทที่ 5 ด้านการสร้างความตระหนักรู้เรื่องการพัฒนาที่ยั่งยืนด้านการศึกษา SDG4,,,,
1747,ผู้บริหาร/ครู,ดร.พนมพร แซ่เจ็ง,โรงเรียนภาษาจีนฮุ่ยจง,ผู้บริหาร,ประเภทที่ 5 ด้านการสร้างความตระหนักรู้เรื่องการพัฒนาที่ยั่งยืนด้านการศึกษา SDG4,,,,
1748,ผู้บริหาร/ครู,นางสาวปภัทรนันท์  มาใหม่,โรงเรียนเจ้าพ่อหลวงอุปถัมภ์ 1,ผู้บริหาร,ประเภทที่ 5 ด้านการสร้างความตระหนักรู้เรื่องการพัฒนาที่ยั่งยืนด้านการศึกษา SDG4,,,,
1749,ผู้บริหาร/ครู,นางสาวภูริชญา ภิรมย์ธนารักษ์,โรงเรียนเจ้าพ่อหลวงอุปถัมภ์ 1,ผู้รับผิดชอบโครงการ,ประเภทที่ 5 ด้านการสร้างความตระหนักรู้เรื่องการพัฒนาที่ยั่งยืนด้านการศึกษา SDG4,,,,
1750,ผู้บริหาร/ครู,นายจามร ชุนสาย,โรงเรียนเจ้าพ่อหลวงอุปถัมภ์ 1,ผู้รับผิดชอบโครงการ,ประเภทที่ 5 ด้านการสร้างความตระหนักรู้เรื่องการพัฒนาที่ยั่งยืนด้านการศึกษา SDG4,,,,
1751,ผู้บริหาร/ครู,นายศุภชัย ดุษฎีไพรวัลย์,โรงเรียนเจ้าพ่อหลวงอุปถัมภ์ 1,ผู้รับผิดชอบโครงการ,ประเภทที่ 5 ด้านการสร้างความตระหนักรู้เรื่องการพัฒนาที่ยั่งยืนด้านการศึกษา SDG4,,,,
1752,ผู้บริหาร/ครู,นางสาวพัชราภา คะเนเร็ว,โรงเรียนเจ้าพ่อหลวงอุปถัมภ์ 1,ผู้รับผิดชอบโครงการ,ประเภทที่ 5 ด้านการสร้างความตระหนักรู้เรื่องการพัฒนาที่ยั่งยืนด้านการศึกษา SDG4,,,,
1753,ผู้บริหาร/ครู,นางสาวชญาภา เลาเท้า,โรงเรียนเจ้าพ่อหลวงอุปถัมภ์ 1,ผู้รับผิดชอบโครงการ,ประเภทที่ 5 ด้านการสร้างความตระหนักรู้เรื่องการพัฒนาที่ยั่งยืนด้านการศึกษา SDG4,,,,
1754,ผู้บริหาร/ครู,นายวัสสันต์  กองรัตน์,โรงเรียนบ้านแม่ขะปู,ผู้บริหาร,ประเภทที่ 5 ด้านการสร้างความตระหนักรู้เรื่องการพัฒนาที่ยั่งยืนด้านการศึกษา SDG4,,,,
1755,ผู้บริหาร/ครู,นางพัชรี  หน่อคําสัก,โรงเรียนบ้านแม่ขะปู,ผู้รับผิดชอบโครงการ,ประเภทที่ 5 ด้านการสร้างความตระหนักรู้เรื่องการพัฒนาที่ยั่งยืนด้านการศึกษา SDG4,,,,
1756,ผู้บริหาร/ครู,นางสาววนิดา พนาศิลาลาด,โรงเรียนบ้านแม่ขะปู,ผู้รับผิดชอบโครงการ,ประเภทที่ 5 ด้านการสร้างความตระหนักรู้เรื่องการพัฒนาที่ยั่งยืนด้านการศึกษา SDG4,,,,
1757,ผู้บริหาร/ครู,นายสิทธิพร บุญโต,โรงเรียนบ้านแม่ขะปู,ผู้รับผิดชอบโครงการ,ประเภทที่ 5 ด้านการสร้างความตระหนักรู้เรื่องการพัฒนาที่ยั่งยืนด้านการศึกษา SDG4,,,,
1758,ผู้บริหาร/ครู,นายวัสสันต์ กองรัตน์,โรงเรียนบ้านแม่ขะปู,ผู้รับผิดชอบโครงการ,ประเภทที่ 5 ด้านการสร้างความตระหนักรู้เรื่องการพัฒนาที่ยั่งยืนด้านการศึกษา SDG4,,,,
1759,ผู้บริหาร/ครู,นางสาวนัทนพัฒน์ มารศรี,โรงเรียนบ้านอรุโณทัย,ผู้บริหาร,ประเภทที่ 5 ด้านการสร้างความตระหนักรู้เรื่องการพัฒนาที่ยั่งยืนด้านการศึกษา SDG4,Popular Vote (ขวัญใจมหาชน),,,
1760,ผู้บริหาร/ครู,นายคุณาธิป จันทร์ตา,โรงเรียนบ้านอรุโณทัย,ผู้รับผิดชอบโครงการ,ประเภทที่ 5 ด้านการสร้างความตระหนักรู้เรื่องการพัฒนาที่ยั่งยืนด้านการศึกษา SDG4,Popular Vote (ขวัญใจมหาชน),,,
1761,ผู้บริหาร/ครู,นางสาวเกชรินทร์ ธุพรรณ์,โรงเรียนบ้านอรุโณทัย,ผู้รับผิดชอบโครงการ,ประเภทที่ 5 ด้านการสร้างความตระหนักรู้เรื่องการพัฒนาที่ยั่งยืนด้านการศึกษา SDG4,Popular Vote (ขวัญใจมหาชน),,,
1762,ผู้บริหาร/ครู,นางสาวปิยนุช บุญมี,โรงเรียนบ้านอรุโณทัย,ผู้รับผิดชอบโครงการ,ประเภทที่ 5 ด้านการสร้างความตระหนักรู้เรื่องการพัฒนาที่ยั่งยืนด้านการศึกษา SDG4,Popular Vote (ขวัญใจมหาชน),,,
1763,ผู้บริหาร/ครู,นางสาวสิรินาถ ทิพยมณฑล,โรงเรียนบ้านอรุโณทัย,ผู้รับผิดชอบโครงการ,ประเภทที่ 5 ด้านการสร้างความตระหนักรู้เรื่องการพัฒนาที่ยั่งยืนด้านการศึกษา SDG4,Popular Vote (ขวัญใจมหาชน),,,
1764,ผู้บริหาร/ครู,นายสิงหนาท ปันติ,โรงเรียนบ้านอรุโณทัย,ผู้รับผิดชอบโครงการ,ประเภทที่ 5 ด้านการสร้างความตระหนักรู้เรื่องการพัฒนาที่ยั่งยืนด้านการศึกษา SDG4,Popular Vote (ขวัญใจมหาชน),,,
1765,สถานศึกษา,,โรงเรียนบ้านบวกหมื้อ,,ประเภทที่ 1 ด้านคุณภาพและนวัตกรรมการสอน (Quality Teaching & Learning),,ดีมาก,,
1766,สถานศึกษา,,โรงเรียนชุมชนวัดช่อแล,,ประเภทที่ 1 ด้านคุณภาพและนวัตกรรมการสอน (Quality Teaching & Learning),รองชนะเลิศอันดับ 2,ดีเยี่ยม,,
1767,สถานศึกษา,,โรงเรียนบ้านแม่เลา,,ประเภทที่ 1 ด้านคุณภาพและนวัตกรรมการสอน (Quality Teaching & Learning),,ดีเยี่ยม,,
1768,สถานศึกษา,,โรงเรียนมงฟอร์ตวิทยาลัย,,ประเภทที่ 1 ด้านคุณภาพและนวัตกรรมการสอน (Quality Teaching & Learning),รองชนะเลิศอันดับ 1,ดีเยี่ยม,,
1769,สถานศึกษา,,โรงเรียนบ้านหัวฝาย,,ประเภทที่ 1 ด้านคุณภาพและนวัตกรรมการสอน (Quality Teaching & Learning),,ดีเยี่ยม,,
1770,สถานศึกษา,,โรงเรียนเทศบาลวัดศรีปิงเมือง,,ประเภทที่ 1 ด้านคุณภาพและนวัตกรรมการสอน (Quality Teaching & Learning),,ดีเยี่ยม,,
1771,สถานศึกษา,,โรงเรียนวัดแม่แก้ดน้อย,,ประเภทที่ 1 ด้านคุณภาพและนวัตกรรมการสอน (Quality Teaching & Learning),Popular Vote (ขวัญใจมหาชน),ดีเยี่ยม,,
1772,สถานศึกษา,,โรงเรียนบ้านนากู่,,ประเภทที่ 1 ด้านคุณภาพและนวัตกรรมการสอน (Quality Teaching & Learning),,ดีเยี่ยม,,
1773,สถานศึกษา,,โรงเรียนเทศบาลวัดศรีดอนไชย,,ประเภทที่ 1 ด้านคุณภาพและนวัตกรรมการสอน (Quality Teaching & Learning),,ดีเยี่ยม,,
1774,สถานศึกษา,,โรงเรียนสาธิตมหาวิทยาลัยเชียงใหม่,,ประเภทที่ 1 ด้านคุณภาพและนวัตกรรมการสอน (Quality Teaching & Learning),ชนะเลิศอันดับ 1,ดีเยี่ยม,,
1775,สถานศึกษา,,โรงเรียนบ้านปางกว้าง,,ประเภทที่ 2 ด้านทักษะอาชีพและการมีงานทำ (Skills for Decent Work),,ดีมาก,,
1776,สถานศึกษา,,โรงเรียนอีเอฟแอล เลิร์นนิ่ง เซ็นเตอร์,,ประเภทที่ 2 ด้านทักษะอาชีพและการมีงานทำ (Skills for Decent Work),ชนะเลิศอันดับ 1,ดีเยี่ยม,,
1777,สถานศึกษา,,โรงเรียนเทศบาลวัดศรีดอนไชย,,ประเภทที่ 2 ด้านทักษะอาชีพและการมีงานทำ (Skills for Decent Work),รองชนะเลิศอันดับ 1,ดีเยี่ยม,,
1778,สถานศึกษา,,โรงเรียนเทศบาลวัดศรีปิงเมือง,,ประเภทที่ 2 ด้านทักษะอาชีพและการมีงานทำ (Skills for Decent Work),,ดีเยี่ยม,,
1779,สถานศึกษา,,โรงเรียนบ้านแม่นะ,,ประเภทที่ 2 ด้านทักษะอาชีพและการมีงานทำ (Skills for Decent Work),รองชนะเลิศอันดับ 2,ดีเยี่ยม,,
1780,สถานศึกษา,,โรงเรียนบ้านสันป่าแดง,,ประเภทที่ 3 ด้านโอกาสและความเสมอภาค (Access & Equity),,ดีมาก,,
1781,สถานศึกษา,,โรงเรียนบ้านป่าบง,,ประเภทที่ 3 ด้านโอกาสและความเสมอภาค (Access & Equity),,ดีมาก,,
1782,สถานศึกษา,,โรงเรียนสอนคนตาบอดภาคเหนือในพระบรมราชินูปถัมภ์ จังหวัดเชียงใหม่,,ประเภทที่ 3 ด้านโอกาสและความเสมอภาค (Access & Equity),,ดีเยี่ยม,,
1783,สถานศึกษา,,โรงเรียนวัดแม่แก้ดน้อย,,ประเภทที่ 3 ด้านโอกาสและความเสมอภาค (Access & Equity),ชนะเลิศอันดับ 1,ดีเยี่ยม,,
1784,สถานศึกษา,,โรงเรียนบ้านบ่อหลวง,,ประเภทที่ 3 ด้านโอกาสและความเสมอภาค (Access & Equity),,ดีมาก,,
1785,สถานศึกษา,,โรงเรียนชุมชนวัดศรีดงเย็น,,ประเภทที่ 3 ด้านโอกาสและความเสมอภาค (Access & Equity),,ดีมาก,,
1786,สถานศึกษา,,ศูนย์ฝึกอาชีพฯ โรงเรียนสอนคนตาบอดภาคเหนือในพระบรมราชินูปถัมภ์ จังหวัดเชียงใหม่,,ประเภทที่ 3 ด้านโอกาสและความเสมอภาค (Access & Equity),รองชนะเลิศอันดับ 2,ดีเยี่ยม,,
1787,สถานศึกษา,,โรงเรียนสันป่ายางวิทยาคาร,,ประเภทที่ 3 ด้านโอกาสและความเสมอภาค (Access & Equity),,ดีมาก,,
1788,สถานศึกษา,,โรงเรียนบ้านปงตํา,,ประเภทที่ 3 ด้านโอกาสและความเสมอภาค (Access & Equity),,ดีเยี่ยม,,
1789,สถานศึกษา,,โรงเรียนกาวิละอนุกูล จังหวัดเชียงใหม่,,ประเภทที่ 3 ด้านโอกาสและความเสมอภาค (Access & Equity),รองชนะเลิศอันดับ 1,ดีเยี่ยม,,
1790,สถานศึกษา,,มูลนิธิมหาราช 5,,ประเภทที่ 4 ด้านสิ่งแวดล้อมและพลเมืองโลก (ESD & Global Citizenship),,ดีมาก,,
1791,สถานศึกษา,,โรงเรียนบ้านม่อนปิ่น,,ประเภทที่ 4 ด้านสิ่งแวดล้อมและพลเมืองโลก (ESD & Global Citizenship),รองชนะเลิศอันดับ 2,ดีเยี่ยม,,
1792,สถานศึกษา,,โรงเรียนวัดแม่กะ,,ประเภทที่ 4 ด้านสิ่งแวดล้อมและพลเมืองโลก (ESD & Global Citizenship),ชนะเลิศอันดับ 1,ดีเยี่ยม,,
1793,สถานศึกษา,,โรงเรียนป่าจี้วังแดงวิทยา,,ประเภทที่ 4 ด้านสิ่งแวดล้อมและพลเมืองโลก (ESD & Global Citizenship),,ดีเยี่ยม,,
1794,สถานศึกษา,,โรงเรียนวัดอรัญญวาสี,,ประเภทที่ 4 ด้านสิ่งแวดล้อมและพลเมืองโลก (ESD & Global Citizenship),,ดีมาก,,
1795,สถานศึกษา,,โรงเรียนแม่หอพระวิทยาคม,,ประเภทที่ 4 ด้านสิ่งแวดล้อมและพลเมืองโลก (ESD & Global Citizenship),,ดีเยี่ยม,,
1796,สถานศึกษา,,โรงเรียนนวมินทราชูทิศ พายัพ,,ประเภทที่ 4 ด้านสิ่งแวดล้อมและพลเมืองโลก (ESD & Global Citizenship),รองชนะเลิศอันดับ 1,ดีเยี่ยม,,
1797,สถานศึกษา,,โรงเรียนวัดร้องวัวแดงศรีจันทร์วิทยาคาร,,ประเภทที่ 4 ด้านสิ่งแวดล้อมและพลเมืองโลก (ESD & Global Citizenship),,ดีเยี่ยม,,
1798,สถานศึกษา,,โรงเรียนวัดทรายมูลรัตนศึกษา,,ประเภทที่ 4 ด้านสิ่งแวดล้อมและพลเมืองโลก (ESD & Global Citizenship),,ดีมาก,,
1799,สถานศึกษา,,โรงเรียนชุมชนวัดช่อแล,,ประเภทที่ 5 ด้านการสร้างความตระหนักรู้เรื่องการพัฒนาที่ยั่งยืนด้านการศึกษา SDG35,,,,
1800,สถานศึกษา,,โรงเรียนภาษาจีนฮุ่ยจง,,ประเภทที่ 5 ด้านการสร้างความตระหนักรู้เรื่องการพัฒนาที่ยั่งยืนด้านการศึกษา SDG35,,,,
1801,สถานศึกษา,,โรงเรียนเจ้าพ่อหลวงอุปถัมภ์ 1,,ประเภทที่ 5 ด้านการสร้างความตระหนักรู้เรื่องการพัฒนาที่ยั่งยืนด้านการศึกษา SDG35,,,,
1802,สถานศึกษา,,โรงเรียนบ้านแม่ขะปู,,ประเภทที่ 5 ด้านการสร้างความตระหนักรู้เรื่องการพัฒนาที่ยั่งยืนด้านการศึกษา SDG35,,,,
1803,สถานศึกษา,,โรงเรียนบ้านอรุโณทัย,,ประเภทที่ 5 ด้านการสร้างความตระหนักรู้เรื่องการพัฒนาที่ยั่งยืนด้านการศึกษา SDG35,Popular Vote (ขวัญใจมหาชน),,,
1804,กรรมการ,นางสาววนิจช์ตา  โชติวิศิษฐ์กุล,,,,,,,
1805,กรรมการ,นางสาวนาตยา  อุประ,,,,,,,
1806,กรรมการ,นายกันตวิชญ์  มะโนคำ,,,,,,,
1807,กรรมการ,นางสาวส้มโอ  อ่องประกฤติ,,,,,,,
1808,กรรมการ,นางสาวชุลีกร  ใหม่เขียว,,,,,,,
1809,กรรมการ,นายรัชภูมิ  สมสมัย,,,,,,,
1810,กรรมการ,นายเจษฎา  ก้องสาคร,,,,,,,
1811,กรรมการ,นางสาวชัชฎาภรณ์  ชัยพรม,,,ประเภทที่ 5 ด้านการสร้างความตระหนักรู้เรื่องการพัฒนาที่ยั่งยืนด้านการศึกษา SDG35,,,,https://drive.google.com/file/d/18LnAq2Wz6lFX1EdxNQG0A6CO43NcEFQ1/view?usp=sharing
